#pragma once
#include <stdint.h>
#include <pgmspace.h>

#define IRIS_WIDTH  112
#define IRIS_HEIGHT 112

const uint16_t polar[12544] PROGMEM = {
0x607F, 0x5FFF, 0x5FFF, 0x5F7F, 0x5EFF, 0x5E7F, 0x5DFF, 0x5DFF, 0x5D7F, 0x5CFF, 0x5C7F, 0x5BFF, 
0x5B7F, 0x5AFF, 0x5A7F, 0x59FF, 0x597F, 0x58FF, 0x587F, 0x57FF, 0x577F, 0x56FF, 0x567F, 0x55FF, 
0x557F, 0x54FF, 0x547F, 0x53FF, 0x52FF, 0x527F, 0x51FF, 0x517F, 0x50FF, 0x4FFF, 0x4F7F, 0x4EFF, 
0x4E7F, 0x4D7F, 0x4CFF, 0x4C7F, 0x4B7F, 0x4AFF, 0x49FF, 0x497F, 0x48FF, 0x47FF, 0x477F, 0x467F, 
0x45FF, 0x457F, 0x447F, 0x43FF, 0x42FF, 0x427F, 0x417F, 0x40FF, 0x3FFF, 0x3F7F, 0x3E7F, 0x3DFF, 
0x3CFF, 0x3C7F, 0x3B7F, 0x3AFF, 0x3A7F, 0x397F, 0x38FF, 0x37FF, 0x377F, 0x36FF, 0x35FF, 0x357F, 
0x347F, 0x33FF, 0x337F, 0x327F, 0x31FF, 0x317F, 0x30FF, 0x2FFF, 0x2F7F, 0x2EFF, 0x2E7F, 0x2DFF, 
0x2CFF, 0x2C7F, 0x2BFF, 0x2B7F, 0x2AFF, 0x2A7F, 0x29FF, 0x297F, 0x28FF, 0x287F, 0x27FF, 0x277F, 
0x26FF, 0x267F, 0x25FF, 0x257F, 0x24FF, 0x247F, 0x23FF, 0x237F, 0x22FF, 0x22FF, 0x227F, 0x21FF, 
0x217F, 0x20FF, 0x20FF, 0x207F, 0x60FF, 0x607F, 0x5FFF, 0x5F7F, 0x5F7F, 0x5EFF, 0x5E7F, 0x5DFF, 
0x5D7F, 0x5D7F, 0x5CFF, 0x5C7F, 0x5BFF, 0x5B7F, 0x5AFF, 0x5A7F, 0x59FF, 0x597F, 0x58FF, 0x587F, 
0x57FF, 0x577F, 0x56FF, 0x567F, 0x55FF, 0x557F, 0x547F, 0x53FF, 0x537F, 0x52FF, 0x527F, 0x517F, 
0x50FF, 0x507F, 0x4FFF, 0x4EFF, 0x4E7F, 0x4DFF, 0x4CFF, 0x4C7F, 0x4BFF, 0x4AFF, 0x4A7F, 0x497F, 
0x48FF, 0x487F, 0x477F, 0x46FE, 0x45FE, 0x457E, 0x447D, 0x43FD, 0x42FD, 0x427D, 0x417D, 0x40FD, 
0x3FFD, 0x3F7D, 0x3E7D, 0x3DFD, 0x3CFD, 0x3C7D, 0x3B7E, 0x3AFE, 0x39FE, 0x397F, 0x387F, 0x37FF, 
0x377F, 0x367F, 0x35FF, 0x34FF, 0x347F, 0x33FF, 0x32FF, 0x327F, 0x31FF, 0x30FF, 0x307F, 0x2FFF, 
0x2F7F, 0x2E7F, 0x2DFF, 0x2D7F, 0x2CFF, 0x2C7F, 0x2B7F, 0x2AFF, 0x2A7F, 0x29FF, 0x297F, 0x28FF, 
0x287F, 0x27FF, 0x277F, 0x26FF, 0x267F, 0x25FF, 0x257F, 0x24FF, 0x247F, 0x23FF, 0x237F, 0x237F, 
0x22FF, 0x227F, 0x21FF, 0x217F, 0x217F, 0x20FF, 0x207F, 0x1FFF, 0x60FF, 0x60FF, 0x607F, 0x5FFF, 
0x5F7F, 0x5F7F, 0x5EFF, 0x5E7F, 0x5DFF, 0x5D7F, 0x5CFF, 0x5CFF, 0x5C7F, 0x5BFF, 0x5B7F, 0x5AFF, 
0x5A7F, 0x59FF, 0x597F, 0x58FF, 0x587F, 0x57FF, 0x577F, 0x567F, 0x55FF, 0x557F, 0x54FF, 0x547F, 
0x53FF, 0x52FF, 0x527F, 0x51FF, 0x517F, 0x507F, 0x4FFF, 0x4F7F, 0x4E7F, 0x4DFF, 0x4D7F, 0x4C7F, 
0x4BFF, 0x4B7F, 0x4A7E, 0x49FE, 0x48FD, 0x487D, 0x477C, 0x46FC, 0x45FC, 0x457B, 0x447B, 0x43FB, 
0x42FB, 0x427B, 0x417A, 0x40FA, 0x3FFA, 0x3F7A, 0x3E7B, 0x3DFB, 0x3CFB, 0x3C7B, 0x3B7B, 0x3AFC, 
0x39FC, 0x397C, 0x387D, 0x37FD, 0x36FE, 0x367E, 0x357F, 0x34FF, 0x347F, 0x337F, 0x32FF, 0x327F, 
0x317F, 0x30FF, 0x307F, 0x2F7F, 0x2EFF, 0x2E7F, 0x2DFF, 0x2CFF, 0x2C7F, 0x2BFF, 0x2B7F, 0x2AFF, 
0x2A7F, 0x297F, 0x28FF, 0x287F, 0x27FF, 0x277F, 0x26FF, 0x267F, 0x25FF, 0x257F, 0x24FF, 0x247F, 
0x23FF, 0x23FF, 0x237F, 0x22FF, 0x227F, 0x21FF, 0x217F, 0x217F, 0x20FF, 0x207F, 0x1FFF, 0x1FFF, 
0x617F, 0x617F, 0x60FF, 0x607F, 0x5FFF, 0x5F7F, 0x5F7F, 0x5EFF, 0x5E7F, 0x5DFF, 0x5D7F, 0x5CFF, 
0x5C7F, 0x5BFF, 0x5BFF, 0x5B7F, 0x5AFF, 0x5A7F, 0x59FF, 0x597F, 0x587F, 0x57FF, 0x577F, 0x56FF, 
0x567F, 0x55FF, 0x557F, 0x54FF, 0x53FF, 0x537F, 0x52FF, 0x527F, 0x517F, 0x50FF, 0x507F, 0x4F7F, 
0x4EFF, 0x4E7F, 0x4D7F, 0x4CFE, 0x4BFD, 0x4B7D, 0x4AFC, 0x49FB, 0x497B, 0x487B, 0x47FA, 0x46FA, 
0x4679, 0x4579, 0x44F9, 0x43F9, 0x42F8, 0x4278, 0x4178, 0x40F8, 0x3FF8, 0x3F78, 0x3E78, 0x3DF8, 
0x3CF9, 0x3BF9, 0x3B79, 0x3A79, 0x39FA, 0x38FA, 0x387B, 0x377B, 0x36FB, 0x35FC, 0x357D, 0x34FD, 
0x33FE, 0x337F, 0x327F, 0x31FF, 0x317F, 0x307F, 0x2FFF, 0x2F7F, 0x2E7F, 0x2DFF, 0x2D7F, 0x2CFF, 
0x2BFF, 0x2B7F, 0x2AFF, 0x2A7F, 0x29FF, 0x297F, 0x28FF, 0x287F, 0x277F, 0x26FF, 0x267F, 0x25FF, 
0x257F, 0x24FF, 0x24FF, 0x247F, 0x23FF, 0x237F, 0x22FF, 0x227F, 0x21FF, 0x217F, 0x217F, 0x20FF, 
0x207F, 0x1FFF, 0x1F7F, 0x1F7F, 0x61FF, 0x617F, 0x617F, 0x60FF, 0x607F, 0x5FFF, 0x5F7F, 0x5F7F, 
0x5EFF, 0x5E7F, 0x5DFF, 0x5D7F, 0x5CFF, 0x5C7F, 0x5BFF, 0x5B7F, 0x5AFF, 0x5A7F, 0x59FF, 0x597F, 
0x58FF, 0x587F, 0x57FF, 0x577F, 0x56FF, 0x567F, 0x557F, 0x54FF, 0x547F, 0x53FF, 0x52FF, 0x527F, 
0x51FF, 0x517F, 0x507F, 0x4FFF, 0x4EFE, 0x4E7D, 0x4DFC, 0x4CFC, 0x4C7B, 0x4B7A, 0x4AFA, 0x49F9, 
0x4979, 0x4878, 0x47F8, 0x46F7, 0x4677, 0x4577, 0x44F7, 0x43F6, 0x4376, 0x4276, 0x4176, 0x40F6, 
0x3FF6, 0x3F76, 0x3E76, 0x3D76, 0x3CF6, 0x3BF7, 0x3B77, 0x3A77, 0x39F7, 0x38F8, 0x3878, 0x3779, 
0x36F9, 0x35FA, 0x357A, 0x347B, 0x33FC, 0x32FC, 0x327D, 0x31FE, 0x30FF, 0x307F, 0x2F7F, 0x2EFF, 
0x2E7F, 0x2DFF, 0x2CFF, 0x2C7F, 0x2BFF, 0x2B7F, 0x2A7F, 0x29FF, 0x297F, 0x28FF, 0x287F, 0x27FF, 
0x277F, 0x26FF, 0x267F, 0x25FF, 0x257F, 0x24FF, 0x247F, 0x23FF, 0x237F, 0x22FF, 0x227F, 0x21FF, 
0x217F, 0x217F, 0x20FF, 0x207F, 0x1FFF, 0x1F7F, 0x1F7F, 0x1EFF, 0x627F, 0x61FF, 0x617F, 0x617F, 
0x60FF, 0x607F, 0x5FFF, 0x5F7F, 0x5F7F, 0x5EFF, 0x5E7F, 0x5DFF, 0x5D7F, 0x5CFF, 0x5C7F, 0x5BFF, 
0x5B7F, 0x5AFF, 0x5A7F, 0x59FF, 0x597F, 0x58FF, 0x587F, 0x57FF, 0x56FF, 0x567F, 0x55FF, 0x557F, 
0x54FF, 0x53FF, 0x537F, 0x52FF, 0x51FF, 0x517F, 0x50FE, 0x4FFD, 0x4F7C, 0x4EFB, 0x4DFA, 0x4D7A, 
0x4C79, 0x4BF8, 0x4AF8, 0x4A77, 0x4977, 0x48F6, 0x47F6, 0x4775, 0x4675, 0x4575, 0x44F4, 0x43F4, 
0x4374, 0x4274, 0x4174, 0x40F4, 0x3FF4, 0x3F74, 0x3E74, 0x3D74, 0x3CF4, 0x3BF4, 0x3B75, 0x3A75, 
0x3975, 0x38F6, 0x37F6, 0x3777, 0x3677, 0x35F8, 0x34F8, 0x3479, 0x337A, 0x32FA, 0x31FB, 0x317C, 
0x30FD, 0x2FFE, 0x2F7F, 0x2EFF, 0x2DFF, 0x2D7F, 0x2CFF, 0x2BFF, 0x2B7F, 0x2AFF, 0x2A7F, 0x29FF, 
0x28FF, 0x287F, 0x27FF, 0x277F, 0x26FF, 0x267F, 0x25FF, 0x257F, 0x24FF, 0x247F, 0x23FF, 0x237F, 
0x22FF, 0x227F, 0x21FF, 0x217F, 0x217F, 0x20FF, 0x207F, 0x1FFF, 0x1F7F, 0x1F7F, 0x1EFF, 0x1E7F, 
0x62FF, 0x627F, 0x61FF, 0x617F, 0x617F, 0x60FF, 0x607F, 0x5FFF, 0x5F7F, 0x5EFF, 0x5EFF, 0x5E7F, 
0x5DFF, 0x5D7F, 0x5CFF, 0x5C7F, 0x5BFF, 0x5B7F, 0x5AFF, 0x5A7F, 0x59FF, 0x597F, 0x587F, 0x57FF, 
0x577F, 0x56FF, 0x567F, 0x55FF, 0x54FF, 0x547F, 0x53FF, 0x52FE, 0x527D, 0x51FC, 0x50FB, 0x507B, 
0x4FFA, 0x4EF9, 0x4E78, 0x4D77, 0x4CF7, 0x4BF6, 0x4B75, 0x4A75, 0x49F4, 0x48F4, 0x47F3, 0x4773, 
0x4673, 0x45F2, 0x44F2, 0x43F2, 0x4372, 0x4271, 0x4171, 0x40F1, 0x3FF1, 0x3F71, 0x3E71, 0x3D72, 
0x3CF2, 0x3BF2, 0x3AF2, 0x3A73, 0x3973, 0x38F3, 0x37F4, 0x36F4, 0x3675, 0x3575, 0x34F6, 0x33F7, 
0x3377, 0x3278, 0x31F9, 0x30FA, 0x307B, 0x2FFB, 0x2EFC, 0x2E7D, 0x2DFE, 0x2CFF, 0x2C7F, 0x2BFF, 
0x2AFF, 0x2A7F, 0x29FF, 0x297F, 0x28FF, 0x287F, 0x277F, 0x26FF, 0x267F, 0x25FF, 0x257F, 0x24FF, 
0x247F, 0x23FF, 0x237F, 0x22FF, 0x227F, 0x21FF, 0x21FF, 0x217F, 0x20FF, 0x207F, 0x1FFF, 0x1F7F, 
0x1F7F, 0x1EFF, 0x1E7F, 0x1DFF, 0x62FF, 0x62FF, 0x627F, 0x61FF, 0x617F, 0x617F, 0x60FF, 0x607F, 
0x5FFF, 0x5F7F, 0x5EFF, 0x5E7F, 0x5E7F, 0x5DFF, 0x5D7F, 0x5CFF, 0x5C7F, 0x5BFF, 0x5B7F, 0x5AFF, 
0x59FF, 0x597F, 0x58FF, 0x587F, 0x57FF, 0x577F, 0x56FF, 0x55FF, 0x557F, 0x54FE, 0x53FD, 0x537C, 
0x52FB, 0x51FA, 0x5179, 0x50F8, 0x4FF8, 0x4F77, 0x4E76, 0x4DF5, 0x4CF5, 0x4C74, 0x4B73, 0x4AF3, 
0x49F2, 0x48F2, 0x4871, 0x4771, 0x46F0, 0x45F0, 0x44F0, 0x446F, 0x436F, 0x426F, 0x41EF, 0x40EF, 
0x3FEF, 0x3EEF, 0x3E6F, 0x3D6F, 0x3C6F, 0x3BF0, 0x3AF0, 0x39F0, 0x3971, 0x3871, 0x37F2, 0x36F2, 
0x35F3, 0x3573, 0x3474, 0x33F5, 0x32F5, 0x3276, 0x3177, 0x30F8, 0x2FF8, 0x2F79, 0x2EFA, 0x2DFB, 
0x2D7C, 0x2CFD, 0x2BFE, 0x2B7F, 0x2AFF, 0x29FF, 0x297F, 0x28FF, 0x287F, 0x27FF, 0x277F, 0x26FF, 
0x25FF, 0x257F, 0x24FF, 0x247F, 0x23FF, 0x237F, 0x22FF, 0x227F, 0x227F, 0x21FF, 0x217F, 0x20FF, 
0x207F, 0x1FFF, 0x1F7F, 0x1F7F, 0x1EFF, 0x1E7F, 0x1DFF, 0x1DFF, 0x637F, 0x637F, 0x62FF, 0x627F, 
0x61FF, 0x617F, 0x617F, 0x60FF, 0x607F, 0x5FFF, 0x5F7F, 0x5EFF, 0x5E7F, 0x5DFF, 0x5DFF, 0x5D7F, 
0x5CFF, 0x5C7F, 0x5B7F, 0x5AFF, 0x5A7F, 0x59FF, 0x597F, 0x58FF, 0x587F, 0x57FF, 0x56FF, 0x567F, 
0x55FE, 0x54FC, 0x547B, 0x53FA, 0x52F9, 0x5278, 0x51F7, 0x50F6, 0x5075, 0x4F75, 0x4EF4, 0x4DF3, 
0x4D72, 0x4C72, 0x4BF1, 0x4AF0, 0x49F0, 0x496F, 0x486F, 0x476E, 0x46EE, 0x45EE, 0x44ED, 0x446D, 
0x436D, 0x426D, 0x41ED, 0x40ED, 0x3FED, 0x3EED, 0x3E6D, 0x3D6D, 0x3C6D, 0x3BED, 0x3AEE, 0x39EE, 
0x396E, 0x386F, 0x376F, 0x36F0, 0x35F0, 0x34F1, 0x3472, 0x3372, 0x32F3, 0x31F4, 0x3175, 0x3075, 
0x2FF6, 0x2EF7, 0x2E78, 0x2DF9, 0x2CFA, 0x2C7B, 0x2BFC, 0x2AFE, 0x2A7F, 0x29FF, 0x28FF, 0x287F, 
0x27FF, 0x277F, 0x26FF, 0x267F, 0x25FF, 0x257F, 0x247F, 0x23FF, 0x237F, 0x22FF, 0x22FF, 0x227F, 
0x21FF, 0x217F, 0x20FF, 0x207F, 0x1FFF, 0x1F7F, 0x1F7F, 0x1EFF, 0x1E7F, 0x1DFF, 0x1D7F, 0x1D7F, 
0x63FF, 0x637F, 0x637F, 0x62FF, 0x627F, 0x61FF, 0x61FF, 0x617F, 0x60FF, 0x607F, 0x5FFF, 0x5F7F, 
0x5EFF, 0x5E7F, 0x5DFF, 0x5D7F, 0x5CFF, 0x5C7F, 0x5BFF, 0x5B7F, 0x5AFF, 0x5A7F, 0x59FF, 0x597F, 
0x58FF, 0x57FF, 0x577E, 0x56FD, 0x567C, 0x557A, 0x54F9, 0x5478, 0x5377, 0x52F6, 0x51F5, 0x5174, 
0x5073, 0x4FF3, 0x4EF2, 0x4E71, 0x4D70, 0x4CEF, 0x4BEF, 0x4AEE, 0x4A6E, 0x496D, 0x486D, 0x47EC, 
0x46EC, 0x45EB, 0x456B, 0x446B, 0x436B, 0x426B, 0x41EA, 0x40EA, 0x3FEA, 0x3EEA, 0x3E6B, 0x3D6B, 
0x3C6B, 0x3B6B, 0x3AEB, 0x39EC, 0x38EC, 0x386D, 0x376D, 0x366E, 0x35EE, 0x34EF, 0x33EF, 0x3370, 
0x3271, 0x31F2, 0x30F3, 0x3073, 0x2F74, 0x2EF5, 0x2DF6, 0x2D77, 0x2C78, 0x2BF9, 0x2B7A, 0x2A7C, 
0x29FD, 0x297E, 0x28FF, 0x27FF, 0x277F, 0x26FF, 0x267F, 0x25FF, 0x257F, 0x24FF, 0x247F, 0x23FF, 
0x237F, 0x22FF, 0x227F, 0x21FF, 0x217F, 0x20FF, 0x207F, 0x1FFF, 0x1F7F, 0x1EFF, 0x1EFF, 0x1E7F, 
0x1DFF, 0x1D7F, 0x1D7F, 0x1CFF, 0x647F, 0x63FF, 0x63FF, 0x637F, 0x62FF, 0x627F, 0x61FF, 0x61FF, 
0x617F, 0x60FF, 0x607F, 0x5FFF, 0x5F7F, 0x5EFF, 0x5E7F, 0x5DFF, 0x5D7F, 0x5CFF, 0x5C7F, 0x5BFF, 
0x5B7F, 0x5AFF, 0x5A7F, 0x59FF, 0x58FF, 0x587D, 0x57FC, 0x577B, 0x567A, 0x55F8, 0x5577, 0x5476, 
0x53F5, 0x52F4, 0x5273, 0x5172, 0x50F1, 0x4FF0, 0x4F70, 0x4E6F, 0x4DEE, 0x4CED, 0x4C6D, 0x4B6C, 
0x4A6B, 0x496B, 0x48EA, 0x47EA, 0x46EA, 0x4669, 0x4569, 0x4469, 0x4368, 0x4268, 0x41E8, 0x40E8, 
0x3FE8, 0x3EE8, 0x3E68, 0x3D68, 0x3C69, 0x3B69, 0x3A69, 0x39EA, 0x38EA, 0x37EA, 0x376B, 0x366B, 
0x356C, 0x346D, 0x33ED, 0x32EE, 0x326F, 0x3170, 0x30F0, 0x2FF1, 0x2F72, 0x2E73, 0x2DF4, 0x2CF5, 
0x2C76, 0x2B77, 0x2AF8, 0x2A7A, 0x297B, 0x28FC, 0x287D, 0x27FF, 0x26FF, 0x267F, 0x25FF, 0x257F, 
0x24FF, 0x247F, 0x23FF, 0x237F, 0x22FF, 0x227F, 0x21FF, 0x217F, 0x20FF, 0x207F, 0x1FFF, 0x1F7F, 
0x1EFF, 0x1EFF, 0x1E7F, 0x1DFF, 0x1D7F, 0x1CFF, 0x1CFF, 0x1C7F, 0x64FF, 0x647F, 0x63FF, 0x63FF, 
0x637F, 0x62FF, 0x627F, 0x627F, 0x61FF, 0x617F, 0x60FF, 0x607F, 0x5FFF, 0x5F7F, 0x5EFF, 0x5E7F, 
0x5DFF, 0x5D7F, 0x5CFF, 0x5C7F, 0x5BFF, 0x5B7F, 0x5AFF, 0x59FE, 0x597D, 0x58FB, 0x587A, 0x5779, 
0x56F8, 0x5677, 0x5575, 0x54F4, 0x5473, 0x5372, 0x52F1, 0x51F0, 0x516F, 0x506E, 0x4FED, 0x4EED, 
0x4DEC, 0x4D6B, 0x4C6A, 0x4B6A, 0x4AE9, 0x49E9, 0x48E8, 0x47E8, 0x4767, 0x4667, 0x4567, 0x4466, 
0x4366, 0x42E6, 0x41E6, 0x40E6, 0x3FE6, 0x3EE6, 0x3DE6, 0x3D66, 0x3C66, 0x3B67, 0x3A67, 0x3967, 
0x38E8, 0x37E8, 0x36E9, 0x35E9, 0x356A, 0x346A, 0x336B, 0x32EC, 0x31ED, 0x30ED, 0x306E, 0x2F6F, 
0x2EF0, 0x2DF1, 0x2D72, 0x2C73, 0x2BF4, 0x2B75, 0x2A77, 0x29F8, 0x2979, 0x287A, 0x27FB, 0x277D, 
0x26FE, 0x25FF, 0x257F, 0x24FF, 0x247F, 0x23FF, 0x237F, 0x22FF, 0x227F, 0x21FF, 0x217F, 0x20FF, 
0x207F, 0x1FFF, 0x1F7F, 0x1EFF, 0x1E7F, 0x1E7F, 0x1DFF, 0x1D7F, 0x1CFF, 0x1CFF, 0x1C7F, 0x1BFF, 
0x657F, 0x64FF, 0x647F, 0x647F, 0x63FF, 0x637F, 0x62FF, 0x627F, 0x627F, 0x61FF, 0x617F, 0x60FF, 
0x607F, 0x5FFF, 0x5F7F, 0x5EFF, 0x5E7F, 0x5DFF, 0x5D7F, 0x5CFF, 0x5C7F, 0x5BFF, 0x5AFE, 0x5A7C, 
0x59FB, 0x597A, 0x58F8, 0x57F7, 0x5776, 0x56F5, 0x55F3, 0x5572, 0x5471, 0x53F0, 0x52EF, 0x526E, 
0x516D, 0x50EC, 0x4FEB, 0x4F6A, 0x4E6A, 0x4D69, 0x4CE8, 0x4BE8, 0x4AE7, 0x49E6, 0x4966, 0x4865, 
0x4765, 0x4665, 0x4564, 0x4464, 0x43E4, 0x42E4, 0x41E4, 0x40E4, 0x3FE4, 0x3EE4, 0x3DE4, 0x3CE4, 
0x3C64, 0x3B64, 0x3A65, 0x3965, 0x3865, 0x3766, 0x36E6, 0x35E7, 0x34E8, 0x33E8, 0x3369, 0x326A, 
0x316A, 0x30EB, 0x2FEC, 0x2F6D, 0x2E6E, 0x2DEF, 0x2CF0, 0x2C71, 0x2B72, 0x2AF3, 0x29F5, 0x2976, 
0x28F7, 0x27F8, 0x277A, 0x26FB, 0x267C, 0x25FE, 0x24FF, 0x247F, 0x23FF, 0x237F, 0x22FF, 0x227F, 
0x21FF, 0x217F, 0x20FF, 0x207F, 0x1FFF, 0x1F7F, 0x1EFF, 0x1E7F, 0x1E7F, 0x1DFF, 0x1D7F, 0x1CFF, 
0x1C7F, 0x1C7F, 0x1BFF, 0x1B7F, 0x65FF, 0x657F, 0x64FF, 0x64FF, 0x647F, 0x63FF, 0x637F, 0x62FF, 
0x62FF, 0x627F, 0x61FF, 0x617F, 0x60FF, 0x607F, 0x5FFF, 0x5F7F, 0x5EFF, 0x5E7F, 0x5DFF, 0x5D7F, 
0x5CFF, 0x5C7D, 0x5B7C, 0x5AFA, 0x5A79, 0x59F8, 0x58F6, 0x5875, 0x57F4, 0x56F3, 0x5671, 0x55F0, 
0x54EF, 0x546E, 0x536D, 0x52EC, 0x51EB, 0x50EA, 0x5069, 0x4F68, 0x4E68, 0x4DE7, 0x4CE6, 0x4BE5, 
0x4B65, 0x4A64, 0x4964, 0x4863, 0x4763, 0x4662, 0x4562, 0x44E2, 0x43E2, 0x42E1, 0x41E1, 0x40E1, 
0x3FE1, 0x3EE1, 0x3DE1, 0x3CE2, 0x3BE2, 0x3B62, 0x3A62, 0x3963, 0x3863, 0x3764, 0x3664, 0x3565, 
0x34E5, 0x33E6, 0x32E7, 0x3268, 0x3168, 0x3069, 0x2FEA, 0x2EEB, 0x2DEC, 0x2D6D, 0x2C6E, 0x2BEF, 
0x2AF0, 0x2A71, 0x29F3, 0x28F4, 0x2875, 0x27F6, 0x26F8, 0x2679, 0x25FA, 0x257C, 0x247D, 0x23FF, 
0x237F, 0x22FF, 0x227F, 0x21FF, 0x217F, 0x20FF, 0x207F, 0x1FFF, 0x1F7F, 0x1EFF, 0x1E7F, 0x1DFF, 
0x1DFF, 0x1D7F, 0x1CFF, 0x1C7F, 0x1BFF, 0x1BFF, 0x1B7F, 0x1AFF, 0x667F, 0x65FF, 0x657F, 0x64FF, 
0x64FF, 0x647F, 0x63FF, 0x637F, 0x62FF, 0x62FF, 0x627F, 0x61FF, 0x617F, 0x60FF, 0x607F, 0x5FFF, 
0x5F7F, 0x5EFF, 0x5E7F, 0x5DFE, 0x5D7D, 0x5CFB, 0x5BFA, 0x5B79, 0x5AF7, 0x5A76, 0x5975, 0x58F3, 
0x5872, 0x5771, 0x56EF, 0x55EE, 0x556D, 0x546C, 0x53EB, 0x52EA, 0x5269, 0x5168, 0x50E7, 0x4FE6, 
0x4EE5, 0x4DE5, 0x4D64, 0x4C63, 0x4B63, 0x4A62, 0x4961, 0x4861, 0x47E1, 0x46E0, 0x45E0, 0x44E0, 
0x43DF, 0x42DF, 0x41DF, 0x40DF, 0x3FDF, 0x3EDF, 0x3DDF, 0x3CDF, 0x3BE0, 0x3AE0, 0x39E0, 0x38E1, 
0x3861, 0x3761, 0x3662, 0x3563, 0x3463, 0x3364, 0x32E5, 0x31E5, 0x30E6, 0x2FE7, 0x2F68, 0x2E69, 
0x2DEA, 0x2CEB, 0x2C6C, 0x2B6D, 0x2AEE, 0x29EF, 0x2971, 0x2872, 0x27F3, 0x2775, 0x2676, 0x25F7, 
0x2579, 0x24FA, 0x23FB, 0x237D, 0x22FE, 0x227F, 0x21FF, 0x217F, 0x20FF, 0x207F, 0x1FFF, 0x1F7F, 
0x1EFF, 0x1E7F, 0x1DFF, 0x1DFF, 0x1D7F, 0x1CFF, 0x1C7F, 0x1BFF, 0x1BFF, 0x1B7F, 0x1AFF, 0x1A7F, 
0x66FF, 0x667F, 0x65FF, 0x657F, 0x657F, 0x64FF, 0x647F, 0x63FF, 0x637F, 0x637F, 0x62FF, 0x627F, 
0x61FF, 0x617F, 0x60FF, 0x607F, 0x5FFF, 0x5F7F, 0x5EFE, 0x5E7D, 0x5DFB, 0x5CFA, 0x5C78, 0x5BF7, 
0x5B75, 0x5AF4, 0x59F3, 0x5971, 0x58F0, 0x57EF, 0x576E, 0x566C, 0x55EB, 0x54EA, 0x5469, 0x5368, 
0x52E7, 0x51E6, 0x50E5, 0x5064, 0x4F63, 0x4E62, 0x4D62, 0x4C61, 0x4BE0, 0x4AE0, 0x49DF, 0x48DF, 
0x47DE, 0x46DE, 0x45DE, 0x44DD, 0x43DD, 0x42DD, 0x41DD, 0x40DD, 0x3FDD, 0x3EDD, 0x3DDD, 0x3CDD, 
0x3BDD, 0x3ADE, 0x39DE, 0x38DE, 0x37DF, 0x36DF, 0x35E0, 0x34E0, 0x3461, 0x3362, 0x3262, 0x3163, 
0x3064, 0x2FE5, 0x2EE6, 0x2DE7, 0x2D68, 0x2C69, 0x2BEA, 0x2AEB, 0x2A6C, 0x296E, 0x28EF, 0x27F0, 
0x2771, 0x26F3, 0x25F4, 0x2575, 0x24F7, 0x2478, 0x23FA, 0x22FB, 0x227D, 0x21FE, 0x217F, 0x20FF, 
0x207F, 0x1FFF, 0x1F7F, 0x1EFF, 0x1E7F, 0x1DFF, 0x1D7F, 0x1D7F, 0x1CFF, 0x1C7F, 0x1BFF, 0x1B7F, 
0x1B7F, 0x1AFF, 0x1A7F, 0x19FF, 0x677F, 0x66FF, 0x667F, 0x65FF, 0x65FF, 0x657F, 0x64FF, 0x647F, 
0x63FF, 0x63FF, 0x637F, 0x62FF, 0x627F, 0x61FF, 0x617F, 0x60FF, 0x607F, 0x5FFE, 0x5F7D, 0x5EFB, 
0x5E7A, 0x5DF8, 0x5CF7, 0x5C75, 0x5BF4, 0x5B72, 0x5A71, 0x59EF, 0x596E, 0x586D, 0x57EC, 0x56EA, 
0x5669, 0x5568, 0x54E7, 0x53E6, 0x52E5, 0x5264, 0x5163, 0x5062, 0x4F61, 0x4EE0, 0x4DE0, 0x4CDF, 
0x4BDE, 0x4ADE, 0x49DD, 0x48DC, 0x47DC, 0x46DC, 0x45DB, 0x44DB, 0x43DB, 0x42DB, 0x41DA, 0x40DA, 
0x3FDA, 0x3EDA, 0x3DDB, 0x3CDB, 0x3BDB, 0x3ADB, 0x39DC, 0x38DC, 0x37DC, 0x36DD, 0x35DE, 0x34DE, 
0x33DF, 0x32E0, 0x31E0, 0x3161, 0x3062, 0x2F63, 0x2E64, 0x2DE5, 0x2CE6, 0x2BE7, 0x2B68, 0x2A69, 
0x29EA, 0x28EC, 0x286D, 0x276E, 0x26EF, 0x2671, 0x2572, 0x24F4, 0x2475, 0x23F7, 0x22F8, 0x227A, 
0x21FB, 0x217D, 0x20FE, 0x207F, 0x1FFF, 0x1F7F, 0x1EFF, 0x1E7F, 0x1DFF, 0x1D7F, 0x1CFF, 0x1CFF, 
0x1C7F, 0x1BFF, 0x1B7F, 0x1AFF, 0x1AFF, 0x1A7F, 0x19FF, 0x197F, 0x67FF, 0x677F, 0x66FF, 0x667F, 
0x667F, 0x65FF, 0x657F, 0x64FF, 0x647F, 0x647F, 0x63FF, 0x637F, 0x62FF, 0x627F, 0x61FF, 0x617F, 
0x60FE, 0x607D, 0x5FFB, 0x5F79, 0x5EF8, 0x5E76, 0x5D75, 0x5CF3, 0x5C72, 0x5BF0, 0x5AEF, 0x5A6E, 
0x59EC, 0x58EB, 0x586A, 0x5768, 0x56E7, 0x55E6, 0x5565, 0x5464, 0x5363, 0x52E2, 0x51E1, 0x50E0, 
0x4FDF, 0x4EDE, 0x4DDD, 0x4D5D, 0x4C5C, 0x4B5B, 0x4A5B, 0x495A, 0x485A, 0x4759, 0x4659, 0x44D9, 
0x43D8, 0x42D8, 0x41D8, 0x40D8, 0x3FD8, 0x3ED8, 0x3DD8, 0x3CD8, 0x3BD9, 0x3A59, 0x3959, 0x385A, 
0x375A, 0x365B, 0x355B, 0x345C, 0x335D, 0x32DD, 0x31DE, 0x30DF, 0x2FE0, 0x2EE1, 0x2DE2, 0x2D63, 
0x2C64, 0x2B65, 0x2AE6, 0x29E7, 0x2968, 0x286A, 0x27EB, 0x26EC, 0x266E, 0x25EF, 0x24F0, 0x2472, 
0x23F3, 0x2375, 0x2276, 0x21F8, 0x2179, 0x20FB, 0x207D, 0x1FFE, 0x1F7F, 0x1EFF, 0x1E7F, 0x1DFF, 
0x1D7F, 0x1CFF, 0x1C7F, 0x1C7F, 0x1BFF, 0x1B7F, 0x1AFF, 0x1A7F, 0x1A7F, 0x19FF, 0x197F, 0x18FF, 
0x687F, 0x67FF, 0x677F, 0x66FF, 0x66FF, 0x667F, 0x65FF, 0x657F, 0x657F, 0x64FF, 0x647F, 0x63FF, 
0x637F, 0x62FF, 0x627F, 0x61FE, 0x617D, 0x60FB, 0x6079, 0x5FF8, 0x5F76, 0x5EF5, 0x5DF3, 0x5D72, 
0x5CF0, 0x5C6F, 0x5B6D, 0x5AEC, 0x5A6A, 0x5969, 0x58E8, 0x57E7, 0x5765, 0x5664, 0x5563, 0x54E2, 
0x53E1, 0x52E0, 0x525F, 0x515E, 0x505D, 0x4F5C, 0x4E5B, 0x4D5A, 0x4C5A, 0x4B59, 0x4A59, 0x4958, 
0x4858, 0x4757, 0x4657, 0x4556, 0x4456, 0x42D6, 0x41D6, 0x40D6, 0x3FD6, 0x3ED6, 0x3DD6, 0x3C56, 
0x3B56, 0x3A57, 0x3957, 0x3858, 0x3758, 0x3659, 0x3559, 0x345A, 0x335A, 0x325B, 0x315C, 0x305D, 
0x2F5E, 0x2E5F, 0x2DE0, 0x2CE1, 0x2BE2, 0x2B63, 0x2A64, 0x2965, 0x28E7, 0x27E8, 0x2769, 0x266A, 
0x25EC, 0x256D, 0x246F, 0x23F0, 0x2372, 0x22F3, 0x21F5, 0x2176, 0x20F8, 0x2079, 0x1FFB, 0x1F7D, 
0x1EFE, 0x1E7F, 0x1DFF, 0x1D7F, 0x1CFF, 0x1C7F, 0x1BFF, 0x1B7F, 0x1B7F, 0x1AFF, 0x1A7F, 0x19FF, 
0x19FF, 0x197F, 0x18FF, 0x187F, 0x68FF, 0x687F, 0x67FF, 0x677F, 0x677F, 0x66FF, 0x667F, 0x65FF, 
0x65FF, 0x657F, 0x64FF, 0x647F, 0x63FF, 0x637F, 0x62FE, 0x627D, 0x61FB, 0x6179, 0x60F8, 0x6076, 
0x5FF5, 0x5F73, 0x5EF1, 0x5DF0, 0x5D6E, 0x5CED, 0x5BEB, 0x5B6A, 0x5AE9, 0x59E7, 0x5966, 0x5865, 
0x57E3, 0x56E2, 0x55E1, 0x5560, 0x545F, 0x535E, 0x525D, 0x51DC, 0x50DB, 0x4FDA, 0x4ED9, 0x4DD8, 
0x4CD8, 0x4BD7, 0x4AD6, 0x49D6, 0x48D5, 0x4755, 0x4654, 0x4554, 0x4454, 0x4354, 0x41D4, 0x40D4, 
0x3FD4, 0x3ED4, 0x3D54, 0x3C54, 0x3B54, 0x3A54, 0x3955, 0x37D5, 0x36D6, 0x35D6, 0x34D7, 0x33D8, 
0x32D8, 0x31D9, 0x30DA, 0x2FDB, 0x2EDC, 0x2E5D, 0x2D5E, 0x2C5F, 0x2B60, 0x2AE1, 0x29E2, 0x28E3, 
0x2865, 0x2766, 0x26E7, 0x25E9, 0x256A, 0x24EB, 0x23ED, 0x236E, 0x22F0, 0x21F1, 0x2173, 0x20F5, 
0x2076, 0x1FF8, 0x1F79, 0x1EFB, 0x1E7D, 0x1DFE, 0x1D7F, 0x1CFF, 0x1C7F, 0x1BFF, 0x1B7F, 0x1AFF, 
0x1AFF, 0x1A7F, 0x19FF, 0x197F, 0x197F, 0x18FF, 0x187F, 0x17FF, 0x697F, 0x68FF, 0x687F, 0x687F, 
0x67FF, 0x677F, 0x66FF, 0x66FF, 0x667F, 0x65FF, 0x657F, 0x64FF, 0x647F, 0x63FF, 0x637D, 0x62FB, 
0x627A, 0x61F8, 0x6176, 0x60F5, 0x6073, 0x5FF1, 0x5F70, 0x5E6E, 0x5DED, 0x5D6B, 0x5C6A, 0x5BE8, 
0x5B67, 0x5A65, 0x59E4, 0x58E3, 0x5861, 0x5760, 0x565F, 0x55DE, 0x54DD, 0x53DC, 0x52DB, 0x51DA, 
0x5159, 0x5058, 0x4F57, 0x4E56, 0x4D55, 0x4BD5, 0x4AD4, 0x49D4, 0x48D3, 0x47D3, 0x46D2, 0x4552, 
0x4452, 0x4351, 0x41D1, 0x40D1, 0x3FD1, 0x3ED1, 0x3D51, 0x3C52, 0x3B52, 0x39D2, 0x38D3, 0x37D3, 
0x36D4, 0x35D4, 0x34D5, 0x3355, 0x3256, 0x3157, 0x3058, 0x2F59, 0x2EDA, 0x2DDB, 0x2CDC, 0x2BDD, 
0x2ADE, 0x2A5F, 0x2960, 0x2861, 0x27E3, 0x26E4, 0x2665, 0x2567, 0x24E8, 0x246A, 0x236B, 0x22ED, 
0x226E, 0x2170, 0x20F1, 0x2073, 0x1FF5, 0x1F76, 0x1EF8, 0x1E7A, 0x1DFB, 0x1D7D, 0x1CFF, 0x1C7F, 
0x1BFF, 0x1B7F, 0x1AFF, 0x1A7F, 0x19FF, 0x19FF, 0x197F, 0x18FF, 0x187F, 0x187F, 0x17FF, 0x177F, 
0x69FF, 0x697F, 0x68FF, 0x68FF, 0x687F, 0x67FF, 0x677F, 0x677F, 0x66FF, 0x667F, 0x65FF, 0x657F, 
0x64FF, 0x647D, 0x63FB, 0x63FA, 0x62F8, 0x6276, 0x61F5, 0x6173, 0x60F1, 0x6070, 0x5FEE, 0x5F6C, 
0x5E6B, 0x5DE9, 0x5D68, 0x5C66, 0x5BE5, 0x5AE4, 0x5A62, 0x5961, 0x58E0, 0x57DE, 0x56DD, 0x565C, 
0x555B, 0x545A, 0x5359, 0x5258, 0x5157, 0x5056, 0x4F55, 0x4E54, 0x4D53, 0x4C53, 0x4B52, 0x4A51, 
0x48D1, 0x47D0, 0x46D0, 0x45D0, 0x444F, 0x434F, 0x424F, 0x40CF, 0x3FCF, 0x3E4F, 0x3D4F, 0x3C4F, 
0x3AD0, 0x39D0, 0x38D0, 0x37D1, 0x3651, 0x3552, 0x3453, 0x3353, 0x3254, 0x3155, 0x3056, 0x2F57, 
0x2E58, 0x2D59, 0x2C5A, 0x2B5B, 0x2A5C, 0x29DD, 0x28DE, 0x27E0, 0x2761, 0x2662, 0x25E4, 0x24E5, 
0x2466, 0x2368, 0x22E9, 0x226B, 0x216C, 0x20EE, 0x2070, 0x1FF1, 0x1F73, 0x1EF5, 0x1E76, 0x1DF8, 
0x1CFA, 0x1CFB, 0x1C7D, 0x1BFF, 0x1B7F, 0x1AFF, 0x1A7F, 0x19FF, 0x197F, 0x197F, 0x18FF, 0x187F, 
0x17FF, 0x17FF, 0x177F, 0x16FF, 0x6A7F, 0x69FF, 0x697F, 0x697F, 0x68FF, 0x687F, 0x687F, 0x67FF, 
0x677F, 0x66FF, 0x667F, 0x65FF, 0x65FE, 0x657C, 0x64FA, 0x6478, 0x63F7, 0x6375, 0x62F3, 0x61F1, 
0x6170, 0x60EE, 0x606C, 0x5FEB, 0x5EE9, 0x5E68, 0x5DE6, 0x5CE5, 0x5C63, 0x5BE2, 0x5AE0, 0x59DF, 
0x595E, 0x585C, 0x575B, 0x56DA, 0x55D9, 0x54D8, 0x53D6, 0x52D5, 0x51D4, 0x50D4, 0x4FD3, 0x4ED2, 
0x4DD1, 0x4CD0, 0x4BD0, 0x4A4F, 0x494F, 0x484E, 0x46CE, 0x45CD, 0x444D, 0x434D, 0x424D, 0x40CD, 
0x3FCD, 0x3E4D, 0x3D4D, 0x3C4D, 0x3ACD, 0x39CE, 0x384E, 0x374F, 0x364F, 0x34D0, 0x33D0, 0x32D1, 
0x31D2, 0x30D3, 0x2FD4, 0x2ED4, 0x2DD5, 0x2CD6, 0x2BD8, 0x2AD9, 0x29DA, 0x295B, 0x285C, 0x275E, 
0x26DF, 0x25E0, 0x24E2, 0x2463, 0x23E5, 0x22E6, 0x2268, 0x21E9, 0x20EB, 0x206C, 0x1FEE, 0x1F70, 
0x1EF1, 0x1DF3, 0x1D75, 0x1CF7, 0x1C78, 0x1BFA, 0x1B7C, 0x1AFE, 0x1AFF, 0x1A7F, 0x19FF, 0x197F, 
0x18FF, 0x187F, 0x187F, 0x17FF, 0x177F, 0x177F, 0x16FF, 0x167F, 0x6AFF, 0x6A7F, 0x6A7F, 0x69FF, 
0x697F, 0x68FF, 0x68FF, 0x687F, 0x67FF, 0x677F, 0x66FF, 0x66FE, 0x667C, 0x65FA, 0x6579, 0x64F7, 
0x6475, 0x63F3, 0x6372, 0x62F0, 0x626E, 0x616C, 0x60EB, 0x6069, 0x5FE8, 0x5EE6, 0x5E64, 0x5DE3, 
0x5CE1, 0x5C60, 0x5B5F, 0x5ADD, 0x59DC, 0x58DA, 0x5859, 0x5758, 0x5657, 0x5556, 0x5454, 0x5353, 
0x5252, 0x5151, 0x5051, 0x4F50, 0x4E4F, 0x4CCE, 0x4BCD, 0x4ACD, 0x494C, 0x484C, 0x474B, 0x45CB, 
0x44CB, 0x434B, 0x424A, 0x40CA, 0x3FCA, 0x3E4A, 0x3D4B, 0x3BCB, 0x3ACB, 0x394B, 0x384C, 0x374C, 
0x35CD, 0x34CD, 0x33CE, 0x324F, 0x3150, 0x3051, 0x2F51, 0x2E52, 0x2D53, 0x2C54, 0x2B56, 0x2A57, 
0x2958, 0x2859, 0x27DA, 0x26DC, 0x25DD, 0x255F, 0x2460, 0x23E1, 0x22E3, 0x2264, 0x21E6, 0x20E8, 
0x2069, 0x1FEB, 0x1F6C, 0x1E6E, 0x1DF0, 0x1D72, 0x1CF3, 0x1C75, 0x1BF7, 0x1B79, 0x1AFA, 0x1A7C, 
0x19FE, 0x19FF, 0x197F, 0x18FF, 0x187F, 0x17FF, 0x17FF, 0x177F, 0x16FF, 0x167F, 0x167F, 0x15FF, 
0x6B7F, 0x6AFF, 0x6AFF, 0x6A7F, 0x69FF, 0x69FF, 0x697F, 0x68FF, 0x687F, 0x67FF, 0x67FF, 0x677D, 
0x66FB, 0x6679, 0x65F7, 0x6575, 0x64F4, 0x6472, 0x63F0, 0x636E, 0x62ED, 0x626B, 0x61E9, 0x60E8, 
0x6066, 0x5FE4, 0x5EE3, 0x5E61, 0x5D60, 0x5CDE, 0x5BDD, 0x5B5B, 0x5A5A, 0x59D9, 0x58D7, 0x57D6, 
0x56D5, 0x55D4, 0x54D2, 0x53D1, 0x52D0, 0x51CF, 0x50CE, 0x4FCE, 0x4ECD, 0x4D4C, 0x4C4B, 0x4ACB, 
0x49CA, 0x48CA, 0x4749, 0x4649, 0x44C9, 0x4348, 0x4248, 0x40C8, 0x3FC8, 0x3E48, 0x3D48, 0x3BC9, 
0x3A49, 0x3949, 0x37CA, 0x36CA, 0x35CB, 0x344B, 0x334C, 0x31CD, 0x30CE, 0x2FCE, 0x2ECF, 0x2DD0, 
0x2CD1, 0x2BD2, 0x2AD4, 0x29D5, 0x28D6, 0x27D7, 0x26D9, 0x265A, 0x255B, 0x24DD, 0x23DE, 0x2360, 
0x2261, 0x21E3, 0x20E4, 0x2066, 0x1FE8, 0x1EE9, 0x1E6B, 0x1DED, 0x1D6E, 0x1CF0, 0x1C72, 0x1BF4, 
0x1B75, 0x1AF7, 0x1A79, 0x19FB, 0x197D, 0x18FF, 0x18FF, 0x187F, 0x17FF, 0x177F, 0x16FF, 0x16FF, 
0x167F, 0x15FF, 0x15FF, 0x157F, 0x6BFF, 0x6B7F, 0x6B7F, 0x6AFF, 0x6A7F, 0x6A7F, 0x69FF, 0x697F, 
0x68FF, 0x68FF, 0x687D, 0x67FB, 0x677A, 0x66F8, 0x6676, 0x65F4, 0x6572, 0x64F0, 0x646F, 0x63ED, 
0x636B, 0x62E9, 0x6268, 0x61E6, 0x60E4, 0x6063, 0x5FE1, 0x5EE0, 0x5E5E, 0x5D5C, 0x5CDB, 0x5BDA, 
0x5AD8, 0x5A57, 0x5955, 0x5854, 0x5753, 0x5652, 0x5550, 0x544F, 0x534E, 0x524D, 0x514C, 0x504B, 
0x4ECB, 0x4DCA, 0x4CC9, 0x4B48, 0x4A48, 0x48C7, 0x47C7, 0x4647, 0x44C6, 0x43C6, 0x4246, 0x40C6, 
0x3FC6, 0x3E46, 0x3CC6, 0x3BC6, 0x3A47, 0x38C7, 0x37C7, 0x3648, 0x3548, 0x33C9, 0x32CA, 0x31CB, 
0x304B, 0x2F4C, 0x2E4D, 0x2D4E, 0x2C4F, 0x2B50, 0x2A52, 0x2953, 0x2854, 0x2755, 0x2657, 0x25D8, 
0x24DA, 0x23DB, 0x235C, 0x225E, 0x21E0, 0x20E1, 0x2063, 0x1FE4, 0x1EE6, 0x1E68, 0x1DE9, 0x1D6B, 
0x1CED, 0x1C6F, 0x1BF0, 0x1B72, 0x1AF4, 0x1A76, 0x19F8, 0x197A, 0x18FB, 0x187D, 0x17FF, 0x17FF, 
0x177F, 0x16FF, 0x167F, 0x167F, 0x15FF, 0x157F, 0x157F, 0x14FF, 0x6C7F, 0x6C7F, 0x6BFF, 0x6B7F, 
0x6B7F, 0x6AFF, 0x6A7F, 0x69FF, 0x69FF, 0x697E, 0x68FC, 0x687A, 0x67F8, 0x67F6, 0x6775, 0x66F3, 
0x6671, 0x65EF, 0x656D, 0x64EB, 0x646A, 0x6368, 0x62E6, 0x6264, 0x61E3, 0x60E1, 0x605F, 0x5FDE, 
0x5EDC, 0x5E5B, 0x5D59, 0x5C58, 0x5BD6, 0x5AD5, 0x59D4, 0x58D2, 0x5851, 0x5750, 0x564E, 0x554D, 
0x53CC, 0x52CB, 0x51CA, 0x50C9, 0x4F48, 0x4E48, 0x4CC7, 0x4BC6, 0x4A46, 0x4945, 0x47C5, 0x4644, 
0x4544, 0x43C4, 0x4244, 0x40C4, 0x3FC4, 0x3E44, 0x3CC4, 0x3B44, 0x3A44, 0x38C5, 0x3745, 0x3646, 
0x34C6, 0x33C7, 0x3248, 0x3148, 0x2FC9, 0x2ECA, 0x2DCB, 0x2CCC, 0x2B4D, 0x2A4E, 0x2950, 0x2851, 
0x27D2, 0x26D4, 0x25D5, 0x24D6, 0x2458, 0x2359, 0x225B, 0x21DC, 0x20DE, 0x205F, 0x1FE1, 0x1EE3, 
0x1E64, 0x1DE6, 0x1D68, 0x1C6A, 0x1BEB, 0x1B6D, 0x1AEF, 0x1A71, 0x19F3, 0x1975, 0x18F6, 0x18F8, 
0x187A, 0x17FC, 0x177E, 0x16FF, 0x16FF, 0x167F, 0x15FF, 0x157F, 0x157F, 0x14FF, 0x147F, 0x147F, 
0x6CFF, 0x6CFF, 0x6C7F, 0x6BFF, 0x6BFF, 0x6B7F, 0x6AFF, 0x6AFF, 0x6A7F, 0x69FD, 0x697B, 0x6979, 
0x68F7, 0x6875, 0x67F3, 0x6771, 0x66EF, 0x666E, 0x65EC, 0x656A, 0x64E8, 0x6466, 0x63E5, 0x62E3, 
0x6261, 0x61E0, 0x60DE, 0x605C, 0x5FDB, 0x5ED9, 0x5DD8, 0x5D56, 0x5C55, 0x5B53, 0x5AD2, 0x59D0, 
0x58CF, 0x57CE, 0x56CD, 0x55CB, 0x54CA, 0x5349, 0x5248, 0x5147, 0x4FC6, 0x4EC6, 0x4D45, 0x4C44, 
0x4AC3, 0x4943, 0x4842, 0x46C2, 0x4542, 0x43C1, 0x4241, 0x40C1, 0x3FC1, 0x3E41, 0x3CC1, 0x3B42, 
0x39C2, 0x3842, 0x3743, 0x35C3, 0x3444, 0x3345, 0x31C6, 0x30C6, 0x2F47, 0x2E48, 0x2D49, 0x2BCA, 
0x2ACB, 0x29CD, 0x28CE, 0x27CF, 0x26D0, 0x25D2, 0x2553, 0x2455, 0x2356, 0x22D8, 0x21D9, 0x20DB, 
0x205C, 0x1FDE, 0x1EE0, 0x1E61, 0x1DE3, 0x1CE5, 0x1C66, 0x1BE8, 0x1B6A, 0x1AEC, 0x1A6E, 0x19EF, 
0x1971, 0x18F3, 0x1875, 0x17F7, 0x1779, 0x177B, 0x16FD, 0x167F, 0x15FF, 0x15FF, 0x157F, 0x14FF, 
0x14FF, 0x147F, 0x13FF, 0x13FF, 0x6DFF, 0x6D7F, 0x6CFF, 0x6CFF, 0x6C7F, 0x6BFF, 0x6BFF, 0x6B7F, 
0x6AFE, 0x6A7C, 0x6A7A, 0x69F8, 0x6976, 0x68F4, 0x6872, 0x67F0, 0x676E, 0x66EC, 0x666A, 0x65E9, 
0x6567, 0x64E5, 0x6463, 0x63E1, 0x6360, 0x625E, 0x61DC, 0x60DB, 0x6059, 0x5F57, 0x5ED6, 0x5DD4, 
0x5D53, 0x5C51, 0x5B50, 0x5A4E, 0x594D, 0x584C, 0x574B, 0x5649, 0x5548, 0x5447, 0x52C6, 0x51C5, 
0x5044, 0x4F43, 0x4DC3, 0x4C42, 0x4B41, 0x49C1, 0x4840, 0x46C0, 0x453F, 0x43BF, 0x423F, 0x40BF, 
0x3FBF, 0x3E3F, 0x3CBF, 0x3B3F, 0x39C0, 0x3840, 0x36C1, 0x3541, 0x3442, 0x32C3, 0x3143, 0x3044, 
0x2EC5, 0x2DC6, 0x2C47, 0x2B48, 0x2A49, 0x294B, 0x284C, 0x274D, 0x264E, 0x2550, 0x2451, 0x2353, 
0x22D4, 0x21D6, 0x2157, 0x2059, 0x1FDB, 0x1EDC, 0x1E5E, 0x1D60, 0x1CE1, 0x1C63, 0x1BE5, 0x1B67, 
0x1AE9, 0x1A6A, 0x19EC, 0x196E, 0x18F0, 0x1872, 0x17F4, 0x1776, 0x16F8, 0x167A, 0x167C, 0x15FE, 
0x157F, 0x14FF, 0x14FF, 0x147F, 0x13FF, 0x13FF, 0x137F, 0x12FF, 0x6E7F, 0x6DFF, 0x6DFF, 0x6D7F, 
0x6CFF, 0x6CFF, 0x6C7F, 0x6BFE, 0x6BFC, 0x6B7A, 0x6AF8, 0x6A77, 0x69F5, 0x69F3, 0x6971, 0x68EF, 
0x686D, 0x67EB, 0x6769, 0x66E7, 0x6665, 0x65E4, 0x64E2, 0x6460, 0x63DE, 0x635C, 0x625B, 0x61D9, 
0x6157, 0x6056, 0x5F54, 0x5ED3, 0x5DD1, 0x5CD0, 0x5C4E, 0x5B4D, 0x5A4B, 0x594A, 0x5849, 0x56C7, 
0x55C6, 0x54C5, 0x5344, 0x5243, 0x50C2, 0x4FC1, 0x4E40, 0x4CC0, 0x4B3F, 0x4A3E, 0x48BE, 0x473E, 
0x45BD, 0x443D, 0x42BD, 0x413D, 0x3F3D, 0x3DBD, 0x3C3D, 0x3ABD, 0x393E, 0x37BE, 0x363E, 0x353F, 
0x33C0, 0x3240, 0x30C1, 0x2FC2, 0x2E43, 0x2D44, 0x2BC5, 0x2AC6, 0x29C7, 0x2849, 0x274A, 0x264B, 
0x254D, 0x244E, 0x23D0, 0x22D1, 0x21D3, 0x2154, 0x2056, 0x1F57, 0x1ED9, 0x1E5B, 0x1D5C, 0x1CDE, 
0x1C60, 0x1BE2, 0x1AE4, 0x1A65, 0x19E7, 0x1969, 0x18EB, 0x186D, 0x17EF, 0x1771, 0x16F3, 0x16F5, 
0x1677, 0x15F8, 0x157A, 0x14FC, 0x14FE, 0x147F, 0x13FF, 0x13FF, 0x137F, 0x12FF, 0x12FF, 0x127F, 
0x6EFF, 0x6E7F, 0x6E7F, 0x6DFF, 0x6DFF, 0x6D7F, 0x6CFF, 0x6CFD, 0x6C7B, 0x6BF9, 0x6B77, 0x6B75, 
0x6AF3, 0x6A71, 0x69EF, 0x696E, 0x68EC, 0x686A, 0x67E8, 0x6766, 0x66E4, 0x6662, 0x65E0, 0x655F, 
0x64DD, 0x63DB, 0x6359, 0x62D8, 0x61D6, 0x6154, 0x6053, 0x5F51, 0x5ECF, 0x5DCE, 0x5CCC, 0x5BCB, 
0x5AC9, 0x59C8, 0x58C7, 0x57C6, 0x56C4, 0x5543, 0x5442, 0x52C1, 0x51C0, 0x503F, 0x4EBE, 0x4D3E, 
0x4BBD, 0x4A3C, 0x48BC, 0x473B, 0x45BB, 0x443B, 0x42BA, 0x413A, 0x3F3A, 0x3DBA, 0x3C3B, 0x3ABB, 
0x393B, 0x37BC, 0x363C, 0x34BD, 0x333E, 0x31BE, 0x303F, 0x2EC0, 0x2DC1, 0x2C42, 0x2B43, 0x29C4, 
0x28C6, 0x27C7, 0x26C8, 0x25C9, 0x24CB, 0x23CC, 0x22CE, 0x21CF, 0x2151, 0x2053, 0x1F54, 0x1ED6, 
0x1DD8, 0x1D59, 0x1CDB, 0x1BDD, 0x1B5F, 0x1AE0, 0x1A62, 0x19E4, 0x1966, 0x18E8, 0x186A, 0x17EC, 
0x176E, 0x16EF, 0x1671, 0x15F3, 0x1575, 0x1577, 0x14F9, 0x147B, 0x13FD, 0x13FF, 0x137F, 0x12FF, 
0x12FF, 0x127F, 0x127F, 0x11FF, 0x6F7F, 0x6F7F, 0x6EFF, 0x6E7F, 0x6E7F, 0x6DFF, 0x6DFE, 0x6D7C, 
0x6CFA, 0x6C78, 0x6C76, 0x6BF4, 0x6B72, 0x6AF0, 0x6AEE, 0x6A6C, 0x69EA, 0x6968, 0x68E7, 0x6865, 
0x67E3, 0x6761, 0x66DF, 0x65DD, 0x655B, 0x64DA, 0x6458, 0x6356, 0x62D4, 0x61D3, 0x6151, 0x604F, 
0x5F4E, 0x5ECC, 0x5DCB, 0x5CC9, 0x5BC8, 0x5AC6, 0x59C5, 0x5844, 0x5742, 0x5641, 0x54C0, 0x533F, 
0x523E, 0x50BD, 0x4F3C, 0x4DBB, 0x4C3B, 0x4ABA, 0x4939, 0x47B9, 0x4639, 0x4438, 0x42B8, 0x4138, 
0x3F38, 0x3DB8, 0x3C38, 0x3A39, 0x38B9, 0x3739, 0x35BA, 0x343B, 0x32BB, 0x313C, 0x2FBD, 0x2E3E, 
0x2D3F, 0x2BC0, 0x2A41, 0x2942, 0x2844, 0x26C5, 0x25C6, 0x24C8, 0x23C9, 0x22CB, 0x21CC, 0x214E, 
0x204F, 0x1F51, 0x1ED3, 0x1DD4, 0x1D56, 0x1C58, 0x1BDA, 0x1B5B, 0x1ADD, 0x19DF, 0x1961, 0x18E3, 
0x1865, 0x17E7, 0x1768, 0x16EA, 0x166C, 0x15EE, 0x15F0, 0x1572, 0x14F4, 0x1476, 0x1478, 0x13FA, 
0x137C, 0x12FE, 0x12FF, 0x127F, 0x127F, 0x11FF, 0x117F, 0x117F, 0x6FFF, 0x6FFF, 0x6F7F, 0x6F7F, 
0x6EFF, 0x6EFF, 0x6E7D, 0x6DFB, 0x6DF9, 0x6D77, 0x6CF5, 0x6C73, 0x6C71, 0x6BEF, 0x6B6D, 0x6AEB, 
0x6A69, 0x69E7, 0x6965, 0x68E3, 0x6861, 0x67E0, 0x675E, 0x66DC, 0x665A, 0x65D8, 0x64D6, 0x6455, 
0x6353, 0x62D1, 0x61CF, 0x614E, 0x604C, 0x5F4A, 0x5E49, 0x5D47, 0x5C46, 0x5B44, 0x5A43, 0x5942, 
0x5840, 0x56BF, 0x553E, 0x543D, 0x52BC, 0x513B, 0x4FBA, 0x4E39, 0x4CB8, 0x4B38, 0x49B7, 0x47B7, 
0x4636, 0x44B6, 0x42B6, 0x4136, 0x3F36, 0x3DB6, 0x3BB6, 0x3A36, 0x38B7, 0x36B7, 0x3538, 0x33B8, 
0x3239, 0x30BA, 0x2F3B, 0x2DBC, 0x2C3D, 0x2B3E, 0x29BF, 0x2840, 0x2742, 0x2643, 0x2544, 0x2446, 
0x2347, 0x2249, 0x214A, 0x204C, 0x1F4E, 0x1ECF, 0x1DD1, 0x1D53, 0x1C55, 0x1BD6, 0x1AD8, 0x1A5A, 
0x19DC, 0x195E, 0x18E0, 0x1861, 0x17E3, 0x1765, 0x16E7, 0x1669, 0x15EB, 0x156D, 0x14EF, 0x1471, 
0x1473, 0x13F5, 0x1377, 0x12F9, 0x12FB, 0x127D, 0x11FF, 0x11FF, 0x117F, 0x117F, 0x10FF, 0x10FF, 
0x70FF, 0x707F, 0x707F, 0x6FFF, 0x6F7F, 0x6F7F, 0x6EFC, 0x6EFA, 0x6E78, 0x6DF6, 0x6DF4, 0x6D72, 
0x6CF0, 0x6C6E, 0x6C6C, 0x6BEA, 0x6B68, 0x6AE6, 0x6A64, 0x69E2, 0x6960, 0x68DE, 0x685C, 0x67DA, 
0x66D9, 0x6657, 0x65D5, 0x6553, 0x6451, 0x63D0, 0x62CE, 0x61CC, 0x614A, 0x6049, 0x5F47, 0x5E46, 
0x5D44, 0x5C43, 0x5B41, 0x5A40, 0x58BF, 0x57BD, 0x563C, 0x54BB, 0x53BA, 0x5239, 0x50B8, 0x4EB7, 
0x4D36, 0x4BB6, 0x4A35, 0x4835, 0x46B4, 0x44B4, 0x42B4, 0x4133, 0x3F33, 0x3DB4, 0x3BB4, 0x39B4, 
0x3835, 0x3635, 0x34B6, 0x3336, 0x31B7, 0x2FB8, 0x2E39, 0x2CBA, 0x2BBB, 0x2A3C, 0x28BD, 0x27BF, 
0x2640, 0x2541, 0x2443, 0x2344, 0x2246, 0x2147, 0x2049, 0x1F4A, 0x1ECC, 0x1DCE, 0x1CD0, 0x1C51, 
0x1B53, 0x1AD5, 0x1A57, 0x19D9, 0x18DA, 0x185C, 0x17DE, 0x1760, 0x16E2, 0x1664, 0x15E6, 0x1568, 
0x14EA, 0x146C, 0x146E, 0x13F0, 0x1372, 0x12F4, 0x12F6, 0x1278, 0x11FA, 0x11FC, 0x117F, 0x117F, 
0x10FF, 0x107F, 0x107F, 0x0FFF, 0x717F, 0x70FF, 0x70FF, 0x707F, 0x707F, 0x6FFE, 0x6FFB, 0x6F79, 
0x6EF7, 0x6EF5, 0x6E73, 0x6DF1, 0x6DEF, 0x6D6D, 0x6CEB, 0x6C69, 0x6BE7, 0x6B65, 0x6B63, 0x6AE1, 
0x6A5F, 0x69DD, 0x695B, 0x6859, 0x67D7, 0x6755, 0x66D4, 0x65D2, 0x6550, 0x644E, 0x63CC, 0x62CB, 
0x6249, 0x6147, 0x6046, 0x5F44, 0x5E42, 0x5D41, 0x5C3F, 0x5ABE, 0x59BD, 0x583B, 0x573A, 0x55B9, 
0x5438, 0x52B7, 0x5136, 0x4FB5, 0x4DB4, 0x4C33, 0x4A33, 0x48B2, 0x46B2, 0x44B2, 0x4331, 0x4131, 
0x3F31, 0x3D31, 0x3BB2, 0x39B2, 0x37B2, 0x3633, 0x3433, 0x32B4, 0x30B5, 0x2F36, 0x2DB7, 0x2C38, 
0x2AB9, 0x293A, 0x283B, 0x26BD, 0x25BE, 0x243F, 0x2341, 0x2242, 0x2144, 0x2046, 0x1F47, 0x1E49, 
0x1DCB, 0x1CCC, 0x1C4E, 0x1B50, 0x1AD2, 0x19D4, 0x1955, 0x18D7, 0x1859, 0x175B, 0x16DD, 0x165F, 
0x15E1, 0x1563, 0x1565, 0x14E7, 0x1469, 0x13EB, 0x136D, 0x12EF, 0x12F1, 0x1273, 0x11F5, 0x11F7, 
0x1179, 0x10FB, 0x10FE, 0x107F, 0x107F, 0x0FFF, 0x0FFF, 0x0F7F, 0x71FF, 0x71FF, 0x717F, 0x717F, 
0x70FF, 0x70FD, 0x707B, 0x6FF8, 0x6FF6, 0x6F74, 0x6F72, 0x6EF0, 0x6E6E, 0x6DEC, 0x6DEA, 0x6D68, 
0x6CE6, 0x6C64, 0x6BE2, 0x6B60, 0x6ADE, 0x6A5C, 0x69DA, 0x6958, 0x68D6, 0x6854, 0x67D2, 0x66D0, 
0x664E, 0x654D, 0x64CB, 0x63C9, 0x6347, 0x6246, 0x6144, 0x6042, 0x5F41, 0x5E3F, 0x5D3E, 0x5BBC, 
0x5ABB, 0x5939, 0x57B8, 0x56B7, 0x5536, 0x53B5, 0x51B4, 0x5033, 0x4EB2, 0x4CB1, 0x4AB1, 0x4930, 
0x4730, 0x452F, 0x432F, 0x412F, 0x3F2F, 0x3D2F, 0x3B2F, 0x3930, 0x3730, 0x35B1, 0x33B1, 0x31B2, 
0x3033, 0x2EB4, 0x2CB5, 0x2B36, 0x29B7, 0x28B8, 0x2739, 0x25BB, 0x24BC, 0x233E, 0x223F, 0x2141, 
0x2042, 0x1F44, 0x1E46, 0x1D47, 0x1CC9, 0x1BCB, 0x1B4D, 0x1A4E, 0x19D0, 0x18D2, 0x1854, 0x17D6, 
0x1758, 0x16DA, 0x165C, 0x15DE, 0x1560, 0x14E2, 0x1464, 0x13E6, 0x1368, 0x12EA, 0x12EC, 0x126E, 
0x11F0, 0x1172, 0x1174, 0x10F6, 0x10F8, 0x107B, 0x0FFD, 0x0FFF, 0x0F7F, 0x0F7F, 0x0EFF, 0x0EFF, 
0x727F, 0x727F, 0x727F, 0x71FF, 0x71FE, 0x717C, 0x70FA, 0x70F8, 0x7075, 0x7073, 0x6FF1, 0x6F6F, 
0x6F6D, 0x6EEB, 0x6E69, 0x6DE7, 0x6DE5, 0x6D63, 0x6CE1, 0x6C5F, 0x6BDD, 0x6B5B, 0x6AD9, 0x6A57, 
0x69D5, 0x6953, 0x6851, 0x67CF, 0x674D, 0x664B, 0x65C9, 0x64C8, 0x6446, 0x6344, 0x6242, 0x6141, 
0x603F, 0x5F3E, 0x5E3C, 0x5CBA, 0x5BB9, 0x5A38, 0x58B6, 0x5735, 0x55B4, 0x5433, 0x52B2, 0x50B1, 
0x4F30, 0x4D2F, 0x4B2E, 0x492E, 0x472D, 0x452D, 0x432D, 0x412D, 0x3F2D, 0x3D2D, 0x3B2D, 0x392D, 
0x372E, 0x352E, 0x332F, 0x3130, 0x2FB1, 0x2DB2, 0x2C33, 0x2AB4, 0x2935, 0x27B6, 0x2638, 0x24B9, 
0x23BA, 0x223C, 0x213E, 0x203F, 0x1F41, 0x1E42, 0x1D44, 0x1C46, 0x1BC8, 0x1AC9, 0x1A4B, 0x194D, 
0x18CF, 0x1851, 0x1753, 0x16D5, 0x1657, 0x15D9, 0x155B, 0x14DD, 0x145F, 0x13E1, 0x1363, 0x12E5, 
0x12E7, 0x1269, 0x11EB, 0x116D, 0x116F, 0x10F1, 0x1073, 0x1075, 0x0FF8, 0x0FFA, 0x0F7C, 0x0EFE, 
0x0EFF, 0x0E7F, 0x0E7F, 0x0E7F, 0x737F, 0x72FF, 0x72FF, 0x727F, 0x727D, 0x71FB, 0x71F9, 0x7177, 
0x7175, 0x70F3, 0x70F0, 0x706E, 0x6FEC, 0x6FEA, 0x6F68, 0x6EE6, 0x6E64, 0x6DE2, 0x6DE0, 0x6D5E, 
0x6CDC, 0x6C5A, 0x6BD8, 0x6B56, 0x6AD4, 0x6A52, 0x6950, 0x68CE, 0x684C, 0x674A, 0x66C8, 0x65C6, 
0x6544, 0x6443, 0x6341, 0x623F, 0x613E, 0x603C, 0x5F3A, 0x5DB9, 0x5CB7, 0x5B36, 0x59B4, 0x5833, 
0x56B2, 0x5531, 0x53B0, 0x51AF, 0x4FAE, 0x4E2D, 0x4C2C, 0x49AC, 0x47AB, 0x45AB, 0x43AA, 0x412A, 
0x3F2A, 0x3CAA, 0x3AAB, 0x38AB, 0x36AC, 0x342C, 0x322D, 0x30AE, 0x2EAF, 0x2CB0, 0x2B31, 0x29B2, 
0x2833, 0x26B4, 0x2536, 0x23B7, 0x22B9, 0x213A, 0x203C, 0x1F3E, 0x1E3F, 0x1D41, 0x1C43, 0x1B44, 
0x1AC6, 0x19C8, 0x194A, 0x184C, 0x17CE, 0x1750, 0x1652, 0x15D4, 0x1556, 0x14D8, 0x145A, 0x13DC, 
0x135E, 0x12E0, 0x12E2, 0x1264, 0x11E6, 0x1168, 0x10EA, 0x10EC, 0x106E, 0x0FF0, 0x0FF3, 0x0F75, 
0x0F77, 0x0EF9, 0x0EFB, 0x0E7D, 0x0E7F, 0x0DFF, 0x0DFF, 0x0D7F, 0x73FF, 0x73FF, 0x737F, 0x737F, 
0x72FC, 0x72FA, 0x7278, 0x7276, 0x71F4, 0x71F2, 0x7170, 0x70ED, 0x70EB, 0x7069, 0x6FE7, 0x6FE5, 
0x6F63, 0x6EE1, 0x6E5F, 0x6E5D, 0x6DDB, 0x6D59, 0x6CD6, 0x6C54, 0x6BD2, 0x6B50, 0x6A4E, 0x69CD, 
0x694B, 0x6849, 0x67C7, 0x66C5, 0x6643, 0x6541, 0x643F, 0x633E, 0x623C, 0x613A, 0x6039, 0x5F37, 
0x5DB5, 0x5C34, 0x5B33, 0x59B1, 0x57B0, 0x562F, 0x54AE, 0x52AD, 0x50AC, 0x4EAB, 0x4CAA, 0x4AA9, 
0x4829, 0x4628, 0x43A8, 0x4128, 0x3F28, 0x3CA8, 0x3A28, 0x3829, 0x35A9, 0x33AA, 0x31AB, 0x2FAC, 
0x2DAD, 0x2BAE, 0x2A2F, 0x28B0, 0x26B1, 0x2533, 0x2434, 0x22B5, 0x2137, 0x2039, 0x1F3A, 0x1E3C, 
0x1D3E, 0x1C3F, 0x1B41, 0x1A43, 0x19C5, 0x18C7, 0x1849, 0x174B, 0x16CD, 0x164E, 0x1550, 0x14D2, 
0x1454, 0x13D6, 0x1359, 0x12DB, 0x125D, 0x125F, 0x11E1, 0x1163, 0x10E5, 0x10E7, 0x1069, 0x0FEB, 
0x0FED, 0x0F70, 0x0EF2, 0x0EF4, 0x0E76, 0x0E78, 0x0DFA, 0x0DFC, 0x0D7F, 0x0D7F, 0x0CFF, 0x0CFF, 
0x747F, 0x747F, 0x747F, 0x73FE, 0x73FC, 0x737A, 0x7377, 0x72F5, 0x72F3, 0x7271, 0x726F, 0x71ED, 
0x716A, 0x7168, 0x70E6, 0x7064, 0x7062, 0x6FE0, 0x6F5E, 0x6EDC, 0x6EDA, 0x6E58, 0x6DD5, 0x6D53, 
0x6CD1, 0x6C4F, 0x6B4D, 0x6ACB, 0x6A49, 0x69C7, 0x68C6, 0x6844, 0x6742, 0x6640, 0x65BE, 0x64BC, 
0x63BA, 0x62B9, 0x6137, 0x6035, 0x5EB4, 0x5DB2, 0x5C31, 0x5AAF, 0x592E, 0x572D, 0x55AC, 0x53AA, 
0x51A9, 0x4FA9, 0x4D28, 0x4B27, 0x48A7, 0x4626, 0x43A6, 0x4126, 0x3F26, 0x3CA6, 0x3A26, 0x37A7, 
0x3527, 0x3328, 0x30A9, 0x2EA9, 0x2CAA, 0x2AAC, 0x292D, 0x272E, 0x25AF, 0x2431, 0x22B2, 0x21B4, 
0x2035, 0x1F37, 0x1DB9, 0x1CBA, 0x1BBC, 0x1ABE, 0x1A40, 0x1942, 0x1844, 0x17C6, 0x16C7, 0x1649, 
0x15CB, 0x154D, 0x144F, 0x13D1, 0x1353, 0x12D5, 0x1258, 0x11DA, 0x11DC, 0x115E, 0x10E0, 0x1062, 
0x1064, 0x0FE6, 0x0F68, 0x0F6A, 0x0EED, 0x0E6F, 0x0E71, 0x0DF3, 0x0DF5, 0x0D77, 0x0D7A, 0x0CFC, 
0x0CFE, 0x0C7F, 0x0C7F, 0x0C7F, 0x757F, 0x74FF, 0x74FF, 0x74FD, 0x747B, 0x7479, 0x73F7, 0x73F5, 
0x7372, 0x7370, 0x72EE, 0x72EC, 0x726A, 0x7268, 0x71E5, 0x7163, 0x7161, 0x70DF, 0x705D, 0x6FDB, 
0x6F59, 0x6F57, 0x6ED4, 0x6E52, 0x6DD0, 0x6D4E, 0x6CCC, 0x6BCA, 0x6B48, 0x6AC6, 0x69C4, 0x6942, 
0x6840, 0x67BF, 0x66BD, 0x65BB, 0x64B9, 0x63B7, 0x62B5, 0x61B4, 0x6032, 0x5EB1, 0x5D2F, 0x5BAE, 
0x5A2C, 0x58AB, 0x56AA, 0x54A8, 0x52A7, 0x5026, 0x4E26, 0x4BA5, 0x4924, 0x46A4, 0x4424, 0x41A3, 
0x3EA3, 0x3C24, 0x39A4, 0x3724, 0x34A5, 0x3226, 0x3026, 0x2DA7, 0x2BA8, 0x29AA, 0x27AB, 0x262C, 
0x24AE, 0x232F, 0x21B1, 0x2032, 0x1EB4, 0x1DB5, 0x1CB7, 0x1BB9, 0x1ABB, 0x19BD, 0x18BF, 0x1840, 
0x1742, 0x16C4, 0x15C6, 0x1548, 0x14CA, 0x13CC, 0x134E, 0x12D0, 0x1252, 0x11D4, 0x1157, 0x1159, 
0x10DB, 0x105D, 0x0FDF, 0x0F61, 0x0F63, 0x0EE5, 0x0E68, 0x0E6A, 0x0DEC, 0x0DEE, 0x0D70, 0x0D72, 
0x0CF5, 0x0CF7, 0x0C79, 0x0C7B, 0x0BFD, 0x0BFF, 0x0BFF, 0x0B7F, 0x75FF, 0x75FF, 0x757F, 0x757D, 
0x757A, 0x74F8, 0x74F6, 0x7474, 0x7472, 0x73EF, 0x73ED, 0x736B, 0x7369, 0x72E7, 0x72E5, 0x7262, 
0x71E0, 0x71DE, 0x715C, 0x70DA, 0x7058, 0x7056, 0x6FD4, 0x6F51, 0x6ECF, 0x6E4D, 0x6DCB, 0x6D49, 
0x6C47, 0x6BC5, 0x6B43, 0x6A41, 0x69BF, 0x68BD, 0x683B, 0x6739, 0x6638, 0x6536, 0x6434, 0x62B2, 
0x61B1, 0x602F, 0x5EAD, 0x5D2C, 0x5BAA, 0x59A9, 0x57A8, 0x55A6, 0x53A5, 0x5124, 0x4F23, 0x4CA3, 
0x49A2, 0x4722, 0x4421, 0x41A1, 0x3EA1, 0x3C21, 0x3922, 0x36A2, 0x33A3, 0x3123, 0x2F24, 0x2CA5, 
0x2AA6, 0x28A8, 0x26A9, 0x24AA, 0x232C, 0x21AD, 0x202F, 0x1EB1, 0x1DB2, 0x1C34, 0x1B36, 0x1A38, 
0x1939, 0x183B, 0x17BD, 0x16BF, 0x1641, 0x1543, 0x14C5, 0x1447, 0x1349, 0x12CB, 0x124D, 0x11CF, 
0x1151, 0x10D4, 0x1056, 0x1058, 0x0FDA, 0x0F5C, 0x0EDE, 0x0EE0, 0x0E62, 0x0DE5, 0x0DE7, 0x0D69, 
0x0D6B, 0x0CED, 0x0CEF, 0x0C72, 0x0C74, 0x0BF6, 0x0BF8, 0x0B7A, 0x0B7D, 0x0B7F, 0x0AFF, 0x0AFF, 
0x76FF, 0x767F, 0x767E, 0x75FC, 0x75FA, 0x75F8, 0x7575, 0x7573, 0x74F1, 0x74EF, 0x746D, 0x746A, 
0x73E8, 0x73E6, 0x7364, 0x7362, 0x72E0, 0x72DD, 0x725B, 0x71D9, 0x7157, 0x7155, 0x70D3, 0x7051, 
0x6FCE, 0x6F4C, 0x6ECA, 0x6E48, 0x6DC6, 0x6D44, 0x6C42, 0x6BC0, 0x6B3E, 0x6A3C, 0x693A, 0x68B8, 
0x67B6, 0x66B4, 0x6533, 0x6431, 0x632F, 0x61AD, 0x602C, 0x5EAA, 0x5CA9, 0x5B27, 0x5926, 0x5725, 
0x54A3, 0x52A2, 0x5021, 0x4D21, 0x4AA0, 0x479F, 0x449F, 0x419F, 0x3E9F, 0x3B9F, 0x389F, 0x35A0, 
0x3321, 0x3021, 0x2DA2, 0x2BA3, 0x2925, 0x2726, 0x2527, 0x23A9, 0x21AA, 0x202C, 0x1EAD, 0x1D2F, 
0x1C31, 0x1B33, 0x19B4, 0x18B6, 0x17B8, 0x173A, 0x163C, 0x153E, 0x14C0, 0x1442, 0x1344, 0x12C6, 
0x1248, 0x11CA, 0x114C, 0x10CE, 0x1051, 0x0FD3, 0x0F55, 0x0F57, 0x0ED9, 0x0E5B, 0x0DDD, 0x0DE0, 
0x0D62, 0x0D64, 0x0CE6, 0x0CE8, 0x0C6A, 0x0C6D, 0x0BEF, 0x0BF1, 0x0B73, 0x0B75, 0x0AF8, 0x0AFA, 
0x0AFC, 0x0A7E, 0x0A7F, 0x09FF, 0x777F, 0x777F, 0x76FE, 0x76FB, 0x76F9, 0x7677, 0x7675, 0x75F3, 
0x75F0, 0x75EE, 0x756C, 0x756A, 0x74E8, 0x74E5, 0x7463, 0x7461, 0x73DF, 0x735D, 0x735A, 0x72D8, 
0x7256, 0x7254, 0x71D2, 0x7150, 0x70CE, 0x704B, 0x6FC9, 0x6F47, 0x6EC5, 0x6E43, 0x6DC1, 0x6D3F, 
0x6C3D, 0x6BBB, 0x6AB9, 0x69B7, 0x6935, 0x6833, 0x66B1, 0x65AF, 0x64AE, 0x632C, 0x61AA, 0x6028, 
0x5EA7, 0x5CA5, 0x5AA4, 0x58A3, 0x5621, 0x53A0, 0x511F, 0x4E1E, 0x4B1E, 0x481D, 0x451D, 0x419D, 
0x3E9D, 0x3B1D, 0x381D, 0x351E, 0x321E, 0x2F1F, 0x2CA0, 0x2A21, 0x27A3, 0x25A4, 0x23A5, 0x21A7, 
0x2028, 0x1EAA, 0x1D2C, 0x1BAE, 0x1AAF, 0x19B1, 0x1833, 0x1735, 0x16B7, 0x15B9, 0x14BB, 0x143D, 
0x133F, 0x12C1, 0x1243, 0x11C5, 0x1147, 0x10C9, 0x104B, 0x0FCE, 0x0F50, 0x0ED2, 0x0E54, 0x0E56, 
0x0DD8, 0x0D5A, 0x0D5D, 0x0CDF, 0x0C61, 0x0C63, 0x0BE5, 0x0BE8, 0x0B6A, 0x0B6C, 0x0AEE, 0x0AF0, 
0x0AF3, 0x0A75, 0x0A77, 0x09F9, 0x09FB, 0x09FE, 0x097F, 0x097F, 0x77FF, 0x77FF, 0x77FD, 0x777B, 
0x7779, 0x7777, 0x76F4, 0x76F2, 0x76F0, 0x766E, 0x766B, 0x75E9, 0x75E7, 0x7565, 0x7563, 0x74E0, 
0x74DE, 0x745C, 0x745A, 0x73D8, 0x7355, 0x7353, 0x72D1, 0x724F, 0x71CD, 0x71CB, 0x7148, 0x70C6, 
0x7044, 0x6FC2, 0x6EC0, 0x6E3E, 0x6DBC, 0x6CBA, 0x6C38, 0x6B36, 0x6AB4, 0x69B2, 0x68B0, 0x672E, 
0x662C, 0x64AA, 0x63A9, 0x61A7, 0x6025, 0x5E24, 0x5C22, 0x5A21, 0x579F, 0x551E, 0x521D, 0x4F1C, 
0x4C1C, 0x489B, 0x459B, 0x421A, 0x3E1A, 0x3A9B, 0x379B, 0x341C, 0x311C, 0x2E1D, 0x2B1E, 0x289F, 
0x2621, 0x2422, 0x2224, 0x2025, 0x1EA7, 0x1CA9, 0x1BAA, 0x1A2C, 0x192E, 0x17B0, 0x16B2, 0x15B4, 
0x1536, 0x1438, 0x13BA, 0x12BC, 0x123E, 0x11C0, 0x10C2, 0x1044, 0x0FC6, 0x0F48, 0x0ECB, 0x0ECD, 
0x0E4F, 0x0DD1, 0x0D53, 0x0D55, 0x0CD8, 0x0C5A, 0x0C5C, 0x0BDE, 0x0BE0, 0x0B63, 0x0B65, 0x0AE7, 
0x0AE9, 0x0A6B, 0x0A6E, 0x09F0, 0x09F2, 0x09F4, 0x0977, 0x0979, 0x097B, 0x08FD, 0x08FF, 0x08FF, 
0x78FF, 0x787F, 0x787D, 0x787B, 0x7878, 0x77F6, 0x77F4, 0x77F2, 0x776F, 0x776D, 0x776B, 0x76E9, 
0x76E6, 0x7664, 0x7662, 0x75E0, 0x75DE, 0x755B, 0x7559, 0x74D7, 0x74D5, 0x7453, 0x73D0, 0x73CE, 
0x734C, 0x72CA, 0x7248, 0x71C6, 0x7143, 0x70C1, 0x703F, 0x6FBD, 0x6F3B, 0x6E39, 0x6DB7, 0x6CB5, 
0x6C33, 0x6B31, 0x6A2F, 0x692D, 0x67AB, 0x66A9, 0x6527, 0x63A5, 0x6224, 0x6022, 0x5E20, 0x5B9F, 
0x599E, 0x569C, 0x539B, 0x509A, 0x4D19, 0x4999, 0x4618, 0x4218, 0x3E18, 0x3A18, 0x3699, 0x3319, 
0x2F9A, 0x2C9B, 0x299C, 0x269E, 0x249F, 0x2220, 0x2022, 0x1E24, 0x1CA5, 0x1B27, 0x19A9, 0x18AB, 
0x172D, 0x162F, 0x1531, 0x1433, 0x13B5, 0x12B7, 0x1239, 0x113B, 0x10BD, 0x103F, 0x0FC1, 0x0F43, 
0x0EC6, 0x0E48, 0x0DCA, 0x0D4C, 0x0CCE, 0x0CD0, 0x0C53, 0x0BD5, 0x0BD7, 0x0B59, 0x0B5B, 0x0ADE, 
0x0AE0, 0x0A62, 0x0A64, 0x09E6, 0x09E9, 0x096B, 0x096D, 0x096F, 0x08F2, 0x08F4, 0x08F6, 0x0878, 
0x087B, 0x087D, 0x087F, 0x07FF, 0x797F, 0x797F, 0x797C, 0x78FA, 0x78F8, 0x78F6, 0x78F3, 0x7871, 
0x786F, 0x786D, 0x77EA, 0x77E8, 0x7766, 0x7764, 0x7761, 0x76DF, 0x76DD, 0x765B, 0x7659, 0x75D6, 
0x75D4, 0x7552, 0x74D0, 0x74CD, 0x744B, 0x73C9, 0x73C7, 0x7345, 0x72C3, 0x7240, 0x71BE, 0x713C, 
0x70BA, 0x6FB8, 0x6F36, 0x6EB4, 0x6DB2, 0x6CB0, 0x6BAE, 0x6AAC, 0x69AA, 0x68A8, 0x6726, 0x65A4, 
0x6422, 0x6220, 0x601F, 0x5D9D, 0x5B1C, 0x589A, 0x5599, 0x5218, 0x4E97, 0x4A96, 0x4696, 0x4216, 
0x3E16, 0x3996, 0x3596, 0x3197, 0x2E18, 0x2A99, 0x279A, 0x251C, 0x229D, 0x201F, 0x1E20, 0x1C22, 
0x1AA4, 0x1926, 0x17A8, 0x16AA, 0x15AC, 0x14AE, 0x13B0, 0x12B2, 0x11B4, 0x1136, 0x10B8, 0x0FBA, 
0x0F3C, 0x0EBE, 0x0E40, 0x0DC3, 0x0D45, 0x0CC7, 0x0CC9, 0x0C4B, 0x0BCD, 0x0BD0, 0x0B52, 0x0AD4, 
0x0AD6, 0x0A59, 0x0A5B, 0x09DD, 0x09DF, 0x0961, 0x0964, 0x0966, 0x08E8, 0x08EA, 0x086D, 0x086F, 
0x0871, 0x07F3, 0x07F6, 0x07F8, 0x07FA, 0x077C, 0x077F, 0x077F, 0x7A7F, 0x79FE, 0x79FC, 0x79FA, 
0x79F7, 0x7975, 0x7973, 0x7971, 0x796E, 0x78EC, 0x78EA, 0x78E8, 0x7865, 0x7863, 0x7861, 0x77DF, 
0x77DC, 0x775A, 0x7758, 0x76D6, 0x76D4, 0x7651, 0x764F, 0x75CD, 0x75CB, 0x7548, 0x74C6, 0x7444, 
0x7442, 0x73C0, 0x733E, 0x72BB, 0x7239, 0x71B7, 0x70B5, 0x7033, 0x6FB1, 0x6EAF, 0x6DAD, 0x6CAA, 
0x6BA8, 0x6AA6, 0x6925, 0x67A3, 0x6621, 0x649F, 0x629D, 0x601C, 0x5D9A, 0x5A98, 0x5797, 0x5416, 
0x5015, 0x4B94, 0x4714, 0x4293, 0x3D93, 0x3914, 0x3494, 0x3015, 0x2C16, 0x2897, 0x2598, 0x229A, 
0x201C, 0x1D9D, 0x1B9F, 0x1A21, 0x18A3, 0x1725, 0x15A6, 0x14A8, 0x13AA, 0x12AD, 0x11AF, 0x10B1, 
0x1033, 0x0FB5, 0x0EB7, 0x0E39, 0x0DBB, 0x0D3E, 0x0CC0, 0x0C42, 0x0C44, 0x0BC6, 0x0B48, 0x0ACB, 
0x0ACD, 0x0A4F, 0x0A51, 0x09D4, 0x09D6, 0x0958, 0x095A, 0x08DC, 0x08DF, 0x0861, 0x0863, 0x0865, 
0x07E8, 0x07EA, 0x07EC, 0x076E, 0x0771, 0x0773, 0x0775, 0x06F7, 0x06FA, 0x06FC, 0x06FE, 0x067F, 
0x7AFF, 0x7AFE, 0x7AFC, 0x7A79, 0x7A77, 0x7A75, 0x7A73, 0x79F0, 0x79EE, 0x79EC, 0x79EA, 0x7967, 
0x7965, 0x7963, 0x78E1, 0x78DE, 0x78DC, 0x785A, 0x7858, 0x77D5, 0x77D3, 0x77D1, 0x774F, 0x774C, 
0x76CA, 0x7648, 0x7646, 0x75C3, 0x7541, 0x753F, 0x74BD, 0x743B, 0x73B8, 0x7336, 0x72B4, 0x71B2, 
0x7130, 0x70AE, 0x6FAC, 0x6EA9, 0x6DA7, 0x6CA5, 0x6BA3, 0x6A21, 0x689F, 0x669E, 0x651C, 0x629A, 
0x6018, 0x5D17, 0x5A15, 0x5614, 0x5213, 0x4D12, 0x4812, 0x4291, 0x3D91, 0x3812, 0x3312, 0x2E13, 
0x2A14, 0x2615, 0x2317, 0x2018, 0x1D9A, 0x1B1C, 0x199E, 0x179F, 0x1621, 0x14A3, 0x13A5, 0x12A7, 
0x11A9, 0x10AC, 0x0FAE, 0x0F30, 0x0EB2, 0x0DB4, 0x0D36, 0x0CB8, 0x0C3B, 0x0BBD, 0x0B3F, 0x0B41, 
0x0AC3, 0x0A46, 0x0A48, 0x09CA, 0x094C, 0x094F, 0x08D1, 0x08D3, 0x08D5, 0x0858, 0x085A, 0x07DC, 
0x07DE, 0x07E1, 0x0763, 0x0765, 0x0767, 0x06EA, 0x06EC, 0x06EE, 0x06F0, 0x0673, 0x0675, 0x0677, 
0x0679, 0x05FC, 0x05FE, 0x05FF, 0x7B7F, 0x7B7E, 0x7B7B, 0x7B79, 0x7B77, 0x7B75, 0x7AF2, 0x7AF0, 
0x7AEE, 0x7AEB, 0x7A69, 0x7A67, 0x7A65, 0x7A62, 0x79E0, 0x79DE, 0x79DC, 0x7959, 0x7957, 0x7955, 
0x78D3, 0x78D0, 0x784E, 0x784C, 0x77CA, 0x77C7, 0x7745, 0x7743, 0x76C1, 0x763E, 0x763C, 0x75BA, 
0x7538, 0x74B6, 0x7433, 0x73B1, 0x732F, 0x722D, 0x71AB, 0x70A9, 0x7026, 0x6F24, 0x6DA2, 0x6CA0, 
0x6B1E, 0x699C, 0x679A, 0x6598, 0x6317, 0x6015, 0x5C93, 0x5892, 0x5411, 0x4F10, 0x490F, 0x430F, 
0x3D0F, 0x370F, 0x3110, 0x2C11, 0x2792, 0x2393, 0x2015, 0x1D17, 0x1A98, 0x189A, 0x169C, 0x151E, 
0x13A0, 0x12A2, 0x1124, 0x1026, 0x0FA9, 0x0EAB, 0x0E2D, 0x0D2F, 0x0CB1, 0x0C33, 0x0BB6, 0x0B38, 
0x0ABA, 0x0A3C, 0x0A3E, 0x09C1, 0x0943, 0x0945, 0x08C7, 0x08CA, 0x084C, 0x084E, 0x07D0, 0x07D3, 
0x0755, 0x0757, 0x0759, 0x06DC, 0x06DE, 0x06E0, 0x0662, 0x0665, 0x0667, 0x0669, 0x05EB, 0x05EE, 
0x05F0, 0x05F2, 0x0575, 0x0577, 0x0579, 0x057B, 0x057E, 0x057F, 0x7C7F, 0x7C7D, 0x7C7B, 0x7BF9, 
0x7BF7, 0x7BF4, 0x7BF2, 0x7BF0, 0x7BED, 0x7B6B, 0x7B69, 0x7B67, 0x7B64, 0x7B62, 0x7AE0, 0x7ADE, 
0x7ADB, 0x7A59, 0x7A57, 0x7A54, 0x79D2, 0x79D0, 0x79CE, 0x794B, 0x7949, 0x78C7, 0x78C5, 0x7842, 
0x7840, 0x77BE, 0x77BC, 0x7739, 0x76B7, 0x7635, 0x7633, 0x75B1, 0x752E, 0x742C, 0x73AA, 0x7328, 
0x7226, 0x7123, 0x7021, 0x6F1F, 0x6E1D, 0x6C9B, 0x6A99, 0x6897, 0x6615, 0x6393, 0x6012, 0x5C10, 
0x570F, 0x518E, 0x4B0D, 0x438D, 0x3C8D, 0x350D, 0x2E8E, 0x290F, 0x2410, 0x2012, 0x1C93, 0x1A15, 
0x1797, 0x1599, 0x139B, 0x121D, 0x111F, 0x1021, 0x0F23, 0x0E26, 0x0D28, 0x0CAA, 0x0C2C, 0x0B2E, 
0x0AB1, 0x0A33, 0x0A35, 0x09B7, 0x0939, 0x08BC, 0x08BE, 0x0840, 0x0842, 0x07C5, 0x07C7, 0x0749, 
0x074B, 0x06CE, 0x06D0, 0x06D2, 0x0654, 0x0657, 0x0659, 0x05DB, 0x05DE, 0x05E0, 0x0562, 0x0564, 
0x0567, 0x0569, 0x056B, 0x04ED, 0x04F0, 0x04F2, 0x04F4, 0x04F7, 0x04F9, 0x047B, 0x047D, 0x047F, 
0x7CFF, 0x7CFD, 0x7CFB, 0x7CF9, 0x7CF6, 0x7CF4, 0x7CF2, 0x7C6F, 0x7C6D, 0x7C6B, 0x7C69, 0x7C66, 
0x7C64, 0x7BE2, 0x7BE0, 0x7BDD, 0x7BDB, 0x7BD9, 0x7B56, 0x7B54, 0x7B52, 0x7AD0, 0x7ACD, 0x7ACB, 
0x7A49, 0x7A47, 0x7A44, 0x79C2, 0x79C0, 0x793E, 0x793B, 0x78B9, 0x78B7, 0x7835, 0x77B2, 0x7730, 
0x772E, 0x76AC, 0x75A9, 0x7527, 0x74A5, 0x73A3, 0x7321, 0x721E, 0x711C, 0x6F9A, 0x6E18, 0x6C16, 
0x6A14, 0x6792, 0x6410, 0x600F, 0x5B0D, 0x548C, 0x4D0B, 0x448A, 0x3B8A, 0x330B, 0x2B8C, 0x250D, 
0x200F, 0x1C10, 0x1892, 0x1614, 0x1416, 0x1218, 0x109A, 0x0F1C, 0x0E1E, 0x0D21, 0x0CA3, 0x0BA5, 
0x0B27, 0x0AA9, 0x09AC, 0x092E, 0x0930, 0x08B2, 0x0835, 0x07B7, 0x07B9, 0x073B, 0x073E, 0x06C0, 
0x06C2, 0x0644, 0x0647, 0x0649, 0x05CB, 0x05CD, 0x05D0, 0x0552, 0x0554, 0x0556, 0x04D9, 0x04DB, 
0x04DD, 0x04E0, 0x04E2, 0x0464, 0x0466, 0x0469, 0x046B, 0x046D, 0x046F, 0x03F2, 0x03F4, 0x03F6, 
0x03F9, 0x03FB, 0x03FD, 0x03FF, 0x7DFF, 0x7DFD, 0x7DFB, 0x7DF8, 0x7D76, 0x7D74, 0x7D72, 0x7D6F, 
0x7D6D, 0x7D6B, 0x7D68, 0x7D66, 0x7CE4, 0x7CE2, 0x7CDF, 0x7CDD, 0x7CDB, 0x7CD8, 0x7C56, 0x7C54, 
0x7C52, 0x7C4F, 0x7C4D, 0x7BCB, 0x7BC9, 0x7BC6, 0x7B44, 0x7B42, 0x7B3F, 0x7ABD, 0x7ABB, 0x7A39, 
0x7A36, 0x79B4, 0x79B2, 0x7930, 0x792D, 0x78AB, 0x7829, 0x77A7, 0x7724, 0x76A2, 0x75A0, 0x751E, 
0x741C, 0x7319, 0x7197, 0x7015, 0x6E13, 0x6C11, 0x690F, 0x650D, 0x600B, 0x598A, 0x5089, 0x4608, 
0x3A08, 0x2F89, 0x268A, 0x200B, 0x1B0D, 0x170F, 0x1411, 0x1213, 0x1015, 0x0E97, 0x0D19, 0x0C1C, 
0x0B1E, 0x0AA0, 0x09A2, 0x0924, 0x08A7, 0x0829, 0x07AB, 0x072D, 0x0730, 0x06B2, 0x06B4, 0x0636, 
0x0639, 0x05BB, 0x05BD, 0x053F, 0x0542, 0x0544, 0x04C6, 0x04C9, 0x04CB, 0x044D, 0x044F, 0x0452, 
0x0454, 0x0456, 0x03D8, 0x03DB, 0x03DD, 0x03DF, 0x03E2, 0x03E4, 0x0366, 0x0368, 0x036B, 0x036D, 
0x036F, 0x0372, 0x0374, 0x0376, 0x02F8, 0x02FB, 0x02FD, 0x02FF, 0x7E7F, 0x7E7D, 0x7E7B, 0x7E78, 
0x7E76, 0x7E74, 0x7E71, 0x7E6F, 0x7E6D, 0x7E6B, 0x7E68, 0x7DE6, 0x7DE4, 0x7DE1, 0x7DDF, 0x7DDD, 
0x7DDB, 0x7DD8, 0x7DD6, 0x7D54, 0x7D51, 0x7D4F, 0x7D4D, 0x7D4B, 0x7D48, 0x7CC6, 0x7CC4, 0x7CC1, 
0x7CBF, 0x7C3D, 0x7C3B, 0x7C38, 0x7BB6, 0x7BB4, 0x7BB2, 0x7B2F, 0x7B2D, 0x7AAB, 0x7A28, 0x7A26, 
0x79A4, 0x7922, 0x789F, 0x781D, 0x779B, 0x7699, 0x7596, 0x7494, 0x7312, 0x7110, 0x6E8E, 0x6B8C, 
0x668A, 0x6008, 0x5607, 0x4806, 0x3806, 0x2A07, 0x2008, 0x198A, 0x148C, 0x118E, 0x0F10, 0x0D12, 
0x0B94, 0x0A96, 0x0999, 0x089B, 0x081D, 0x079F, 0x0722, 0x06A4, 0x0626, 0x0628, 0x05AB, 0x052D, 
0x052F, 0x04B2, 0x04B4, 0x04B6, 0x0438, 0x043B, 0x043D, 0x03BF, 0x03C1, 0x03C4, 0x03C6, 0x0348, 
0x034B, 0x034D, 0x034F, 0x0351, 0x0354, 0x02D6, 0x02D8, 0x02DB, 0x02DD, 0x02DF, 0x02E1, 0x02E4, 
0x02E6, 0x0268, 0x026B, 0x026D, 0x026F, 0x0271, 0x0274, 0x0276, 0x0278, 0x027B, 0x027D, 0x027F, 
0x7F7F, 0x7F7D, 0x7F7A, 0x7F78, 0x7F76, 0x7F74, 0x7F71, 0x7EEF, 0x7EED, 0x7EEA, 0x7EE8, 0x7EE6, 
0x7EE4, 0x7EE1, 0x7EDF, 0x7EDD, 0x7EDA, 0x7ED8, 0x7ED6, 0x7ED4, 0x7ED1, 0x7E4F, 0x7E4D, 0x7E4A, 
0x7E48, 0x7E46, 0x7E44, 0x7E41, 0x7E3F, 0x7DBD, 0x7DBA, 0x7DB8, 0x7DB6, 0x7DB4, 0x7D31, 0x7D2F, 
0x7D2D, 0x7CAA, 0x7CA8, 0x7CA6, 0x7C24, 0x7C21, 0x7B9F, 0x7B1D, 0x7A9B, 0x7A18, 0x7996, 0x7914, 
0x7812, 0x770F, 0x750D, 0x730B, 0x6F89, 0x6A07, 0x6005, 0x4D04, 0x3304, 0x2005, 0x1607, 0x1089, 
0x0D0B, 0x0B0D, 0x090F, 0x0812, 0x0714, 0x0696, 0x0618, 0x059B, 0x051D, 0x049F, 0x0421, 0x0424, 
0x03A6, 0x03A8, 0x03AA, 0x032D, 0x032F, 0x0331, 0x02B4, 0x02B6, 0x02B8, 0x02BA, 0x02BD, 0x023F, 
0x0241, 0x0244, 0x0246, 0x0248, 0x024A, 0x024D, 0x024F, 0x01D1, 0x01D4, 0x01D6, 0x01D8, 0x01DA, 
0x01DD, 0x01DF, 0x01E1, 0x01E4, 0x01E6, 0x01E8, 0x01EA, 0x01ED, 0x01EF, 0x0171, 0x0174, 0x0176, 
0x0178, 0x017A, 0x017D, 0x017F, 0x7FFF, 0x7FFD, 0x7FFA, 0x7FF8, 0x7FF6, 0x7FF4, 0x7FF1, 0x7FEF, 
0x7FED, 0x7FEA, 0x7FE8, 0x7FE6, 0x7FE4, 0x7FE1, 0x7FDF, 0x7FDD, 0x7FDA, 0x7FD8, 0x7FD6, 0x7FD4, 
0x7FD1, 0x7FCF, 0x7FCD, 0x7FCA, 0x7FC8, 0x7FC6, 0x7FC4, 0x7FC1, 0x7FBF, 0x7F3D, 0x7F3A, 0x7F38, 
0x7F36, 0x7F33, 0x7F31, 0x7F2F, 0x7F2D, 0x7F2A, 0x7F28, 0x7F26, 0x7EA3, 0x7EA1, 0x7E9F, 0x7E9D, 
0x7E1A, 0x7E18, 0x7E16, 0x7D93, 0x7D91, 0x7D0F, 0x7C8D, 0x7B8A, 0x7A08, 0x7806, 0x7304, 0x6002, 
0x2002, 0x0D04, 0x0806, 0x0608, 0x048A, 0x038D, 0x030F, 0x0291, 0x0293, 0x0216, 0x0218, 0x021A, 
0x019D, 0x019F, 0x01A1, 0x01A3, 0x0126, 0x0128, 0x012A, 0x012D, 0x012F, 0x0131, 0x0133, 0x0136, 
0x0138, 0x013A, 0x013D, 0x00BF, 0x00C1, 0x00C4, 0x00C6, 0x00C8, 0x00CA, 0x00CD, 0x00CF, 0x00D1, 
0x00D4, 0x00D6, 0x00D8, 0x00DA, 0x00DD, 0x00DF, 0x00E1, 0x00E4, 0x00E6, 0x00E8, 0x00EA, 0x00ED, 
0x00EF, 0x00F1, 0x00F4, 0x00F6, 0x00F8, 0x00FA, 0x00FD, 0x00FF, 0x80FF, 0x80FD, 0x80FA, 0x80F8, 
0x80F6, 0x80F4, 0x80F1, 0x80EF, 0x80ED, 0x80EA, 0x80E8, 0x80E6, 0x80E4, 0x80E1, 0x80DF, 0x80DD, 
0x80DA, 0x80D8, 0x80D6, 0x80D4, 0x80D1, 0x80CF, 0x80CD, 0x80CA, 0x80C8, 0x80C6, 0x80C4, 0x80C1, 
0x80BF, 0x813D, 0x813A, 0x8138, 0x8136, 0x8133, 0x8131, 0x812F, 0x812D, 0x812A, 0x8128, 0x8126, 
0x81A3, 0x81A1, 0x819F, 0x819D, 0x821A, 0x8218, 0x8216, 0x8293, 0x8291, 0x830F, 0x838D, 0x848A, 
0x8608, 0x8806, 0x8D04, 0xA002, 0xE002, 0xF304, 0xF806, 0xFA08, 0xFB8A, 0xFC8D, 0xFD0F, 0xFD91, 
0xFD93, 0xFE16, 0xFE18, 0xFE1A, 0xFE9D, 0xFE9F, 0xFEA1, 0xFEA3, 0xFF26, 0xFF28, 0xFF2A, 0xFF2D, 
0xFF2F, 0xFF31, 0xFF33, 0xFF36, 0xFF38, 0xFF3A, 0xFF3D, 0xFFBF, 0xFFC1, 0xFFC4, 0xFFC6, 0xFFC8, 
0xFFCA, 0xFFCD, 0xFFCF, 0xFFD1, 0xFFD4, 0xFFD6, 0xFFD8, 0xFFDA, 0xFFDD, 0xFFDF, 0xFFE1, 0xFFE4, 
0xFFE6, 0xFFE8, 0xFFEA, 0xFFED, 0xFFEF, 0xFFF1, 0xFFF4, 0xFFF6, 0xFFF8, 0xFFFA, 0xFFFD, 0xFFFF, 
0x817F, 0x817D, 0x817A, 0x8178, 0x8176, 0x8174, 0x8171, 0x81EF, 0x81ED, 0x81EA, 0x81E8, 0x81E6, 
0x81E4, 0x81E1, 0x81DF, 0x81DD, 0x81DA, 0x81D8, 0x81D6, 0x81D4, 0x81D1, 0x824F, 0x824D, 0x824A, 
0x8248, 0x8246, 0x8244, 0x8241, 0x823F, 0x82BD, 0x82BA, 0x82B8, 0x82B6, 0x82B4, 0x8331, 0x832F, 
0x832D, 0x83AA, 0x83A8, 0x83A6, 0x8424, 0x8421, 0x849F, 0x851D, 0x859B, 0x8618, 0x8696, 0x8714, 
0x8812, 0x890F, 0x8B0D, 0x8D0B, 0x9089, 0x9607, 0xA005, 0xB304, 0xCD04, 0xE005, 0xEA07, 0xEF89, 
0xF30B, 0xF50D, 0xF70F, 0xF812, 0xF914, 0xF996, 0xFA18, 0xFA9B, 0xFB1D, 0xFB9F, 0xFC21, 0xFC24, 
0xFCA6, 0xFCA8, 0xFCAA, 0xFD2D, 0xFD2F, 0xFD31, 0xFDB4, 0xFDB6, 0xFDB8, 0xFDBA, 0xFDBD, 0xFE3F, 
0xFE41, 0xFE44, 0xFE46, 0xFE48, 0xFE4A, 0xFE4D, 0xFE4F, 0xFED1, 0xFED4, 0xFED6, 0xFED8, 0xFEDA, 
0xFEDD, 0xFEDF, 0xFEE1, 0xFEE4, 0xFEE6, 0xFEE8, 0xFEEA, 0xFEED, 0xFEEF, 0xFF71, 0xFF74, 0xFF76, 
0xFF78, 0xFF7A, 0xFF7D, 0xFF7F, 0x827F, 0x827D, 0x827B, 0x8278, 0x8276, 0x8274, 0x8271, 0x826F, 
0x826D, 0x826B, 0x8268, 0x82E6, 0x82E4, 0x82E1, 0x82DF, 0x82DD, 0x82DB, 0x82D8, 0x82D6, 0x8354, 
0x8351, 0x834F, 0x834D, 0x834B, 0x8348, 0x83C6, 0x83C4, 0x83C1, 0x83BF, 0x843D, 0x843B, 0x8438, 
0x84B6, 0x84B4, 0x84B2, 0x852F, 0x852D, 0x85AB, 0x8628, 0x8626, 0x86A4, 0x8722, 0x879F, 0x881D, 
0x889B, 0x8999, 0x8A96, 0x8B94, 0x8D12, 0x8F10, 0x918E, 0x948C, 0x998A, 0xA008, 0xAA07, 0xB806, 
0xC806, 0xD607, 0xE008, 0xE68A, 0xEB8C, 0xEE8E, 0xF110, 0xF312, 0xF494, 0xF596, 0xF699, 0xF79B, 
0xF81D, 0xF89F, 0xF922, 0xF9A4, 0xFA26, 0xFA28, 0xFAAB, 0xFB2D, 0xFB2F, 0xFBB2, 0xFBB4, 0xFBB6, 
0xFC38, 0xFC3B, 0xFC3D, 0xFCBF, 0xFCC1, 0xFCC4, 0xFCC6, 0xFD48, 0xFD4B, 0xFD4D, 0xFD4F, 0xFD51, 
0xFD54, 0xFDD6, 0xFDD8, 0xFDDB, 0xFDDD, 0xFDDF, 0xFDE1, 0xFDE4, 0xFDE6, 0xFE68, 0xFE6B, 0xFE6D, 
0xFE6F, 0xFE71, 0xFE74, 0xFE76, 0xFE78, 0xFE7B, 0xFE7D, 0xFE7F, 0x82FF, 0x82FD, 0x82FB, 0x82F8, 
0x8376, 0x8374, 0x8372, 0x836F, 0x836D, 0x836B, 0x8368, 0x8366, 0x83E4, 0x83E2, 0x83DF, 0x83DD, 
0x83DB, 0x83D8, 0x8456, 0x8454, 0x8452, 0x844F, 0x844D, 0x84CB, 0x84C9, 0x84C6, 0x8544, 0x8542, 
0x853F, 0x85BD, 0x85BB, 0x8639, 0x8636, 0x86B4, 0x86B2, 0x8730, 0x872D, 0x87AB, 0x8829, 0x88A7, 
0x8924, 0x89A2, 0x8AA0, 0x8B1E, 0x8C1C, 0x8D19, 0x8E97, 0x9015, 0x9213, 0x9411, 0x970F, 0x9B0D, 
0xA00B, 0xA68A, 0xAF89, 0xBA08, 0xC608, 0xD089, 0xD98A, 0xE00B, 0xE50D, 0xE90F, 0xEC11, 0xEE13, 
0xF015, 0xF197, 0xF319, 0xF41C, 0xF51E, 0xF5A0, 0xF6A2, 0xF724, 0xF7A7, 0xF829, 0xF8AB, 0xF92D, 
0xF930, 0xF9B2, 0xF9B4, 0xFA36, 0xFA39, 0xFABB, 0xFABD, 0xFB3F, 0xFB42, 0xFB44, 0xFBC6, 0xFBC9, 
0xFBCB, 0xFC4D, 0xFC4F, 0xFC52, 0xFC54, 0xFC56, 0xFCD8, 0xFCDB, 0xFCDD, 0xFCDF, 0xFCE2, 0xFCE4, 
0xFD66, 0xFD68, 0xFD6B, 0xFD6D, 0xFD6F, 0xFD72, 0xFD74, 0xFD76, 0xFDF8, 0xFDFB, 0xFDFD, 0xFDFF, 
0x83FF, 0x83FD, 0x83FB, 0x83F9, 0x83F6, 0x83F4, 0x83F2, 0x846F, 0x846D, 0x846B, 0x8469, 0x8466, 
0x8464, 0x84E2, 0x84E0, 0x84DD, 0x84DB, 0x84D9, 0x8556, 0x8554, 0x8552, 0x85D0, 0x85CD, 0x85CB, 
0x8649, 0x8647, 0x8644, 0x86C2, 0x86C0, 0x873E, 0x873B, 0x87B9, 0x87B7, 0x8835, 0x88B2, 0x8930, 
0x892E, 0x89AC, 0x8AA9, 0x8B27, 0x8BA5, 0x8CA3, 0x8D21, 0x8E1E, 0x8F1C, 0x909A, 0x9218, 0x9416, 
0x9614, 0x9892, 0x9C10, 0xA00F, 0xA50D, 0xAB8C, 0xB30B, 0xBB8A, 0xC48A, 0xCD0B, 0xD48C, 0xDB0D, 
0xE00F, 0xE410, 0xE792, 0xEA14, 0xEC16, 0xEE18, 0xEF9A, 0xF11C, 0xF21E, 0xF321, 0xF3A3, 0xF4A5, 
0xF527, 0xF5A9, 0xF6AC, 0xF72E, 0xF730, 0xF7B2, 0xF835, 0xF8B7, 0xF8B9, 0xF93B, 0xF93E, 0xF9C0, 
0xF9C2, 0xFA44, 0xFA47, 0xFA49, 0xFACB, 0xFACD, 0xFAD0, 0xFB52, 0xFB54, 0xFB56, 0xFBD9, 0xFBDB, 
0xFBDD, 0xFBE0, 0xFBE2, 0xFC64, 0xFC66, 0xFC69, 0xFC6B, 0xFC6D, 0xFC6F, 0xFCF2, 0xFCF4, 0xFCF6, 
0xFCF9, 0xFCFB, 0xFCFD, 0xFCFF, 0x847F, 0x847D, 0x847B, 0x84F9, 0x84F7, 0x84F4, 0x84F2, 0x84F0, 
0x84ED, 0x856B, 0x8569, 0x8567, 0x8564, 0x8562, 0x85E0, 0x85DE, 0x85DB, 0x8659, 0x8657, 0x8654, 
0x86D2, 0x86D0, 0x86CE, 0x874B, 0x8749, 0x87C7, 0x87C5, 0x8842, 0x8840, 0x88BE, 0x88BC, 0x8939, 
0x89B7, 0x8A35, 0x8A33, 0x8AB1, 0x8B2E, 0x8C2C, 0x8CAA, 0x8D28, 0x8E26, 0x8F23, 0x9021, 0x911F, 
0x921D, 0x939B, 0x9599, 0x9797, 0x9A15, 0x9C93, 0xA012, 0xA410, 0xA90F, 0xAE8E, 0xB50D, 0xBC8D, 
0xC38D, 0xCB0D, 0xD18E, 0xD70F, 0xDC10, 0xE012, 0xE393, 0xE615, 0xE897, 0xEA99, 0xEC9B, 0xEE1D, 
0xEF1F, 0xF021, 0xF123, 0xF226, 0xF328, 0xF3AA, 0xF42C, 0xF52E, 0xF5B1, 0xF633, 0xF635, 0xF6B7, 
0xF739, 0xF7BC, 0xF7BE, 0xF840, 0xF842, 0xF8C5, 0xF8C7, 0xF949, 0xF94B, 0xF9CE, 0xF9D0, 0xF9D2, 
0xFA54, 0xFA57, 0xFA59, 0xFADB, 0xFADE, 0xFAE0, 0xFB62, 0xFB64, 0xFB67, 0xFB69, 0xFB6B, 0xFBED, 
0xFBF0, 0xFBF2, 0xFBF4, 0xFBF7, 0xFBF9, 0xFC7B, 0xFC7D, 0xFC7F, 0x857F, 0x857E, 0x857B, 0x8579, 
0x8577, 0x8575, 0x85F2, 0x85F0, 0x85EE, 0x85EB, 0x8669, 0x8667, 0x8665, 0x8662, 0x86E0, 0x86DE, 
0x86DC, 0x8759, 0x8757, 0x8755, 0x87D3, 0x87D0, 0x884E, 0x884C, 0x88CA, 0x88C7, 0x8945, 0x8943, 
0x89C1, 0x8A3E, 0x8A3C, 0x8ABA, 0x8B38, 0x8BB6, 0x8C33, 0x8CB1, 0x8D2F, 0x8E2D, 0x8EAB, 0x8FA9, 
0x9026, 0x9124, 0x92A2, 0x93A0, 0x951E, 0x969C, 0x989A, 0x9A98, 0x9D17, 0xA015, 0xA393, 0xA792, 
0xAC11, 0xB110, 0xB70F, 0xBD0F, 0xC30F, 0xC90F, 0xCF10, 0xD411, 0xD892, 0xDC93, 0xE015, 0xE317, 
0xE598, 0xE79A, 0xE99C, 0xEB1E, 0xECA0, 0xEDA2, 0xEF24, 0xF026, 0xF0A9, 0xF1AB, 0xF22D, 0xF32F, 
0xF3B1, 0xF433, 0xF4B6, 0xF538, 0xF5BA, 0xF63C, 0xF63E, 0xF6C1, 0xF743, 0xF745, 0xF7C7, 0xF7CA, 
0xF84C, 0xF84E, 0xF8D0, 0xF8D3, 0xF955, 0xF957, 0xF959, 0xF9DC, 0xF9DE, 0xF9E0, 0xFA62, 0xFA65, 
0xFA67, 0xFA69, 0xFAEB, 0xFAEE, 0xFAF0, 0xFAF2, 0xFB75, 0xFB77, 0xFB79, 0xFB7B, 0xFB7E, 0xFB7F, 
0x85FF, 0x85FE, 0x85FC, 0x8679, 0x8677, 0x8675, 0x8673, 0x86F0, 0x86EE, 0x86EC, 0x86EA, 0x8767, 
0x8765, 0x8763, 0x87E1, 0x87DE, 0x87DC, 0x885A, 0x8858, 0x88D5, 0x88D3, 0x88D1, 0x894F, 0x894C, 
0x89CA, 0x8A48, 0x8A46, 0x8AC3, 0x8B41, 0x8B3F, 0x8BBD, 0x8C3B, 0x8CB8, 0x8D36, 0x8DB4, 0x8EB2, 
0x8F30, 0x8FAE, 0x90AC, 0x91A9, 0x92A7, 0x93A5, 0x94A3, 0x9621, 0x979F, 0x999E, 0x9B1C, 0x9D9A, 
0xA018, 0xA317, 0xA615, 0xAA14, 0xAE13, 0xB312, 0xB812, 0xBD91, 0xC291, 0xC812, 0xCD12, 0xD213, 
0xD614, 0xDA15, 0xDD17, 0xE018, 0xE29A, 0xE51C, 0xE69E, 0xE89F, 0xEA21, 0xEBA3, 0xECA5, 0xEDA7, 
0xEEA9, 0xEFAC, 0xF0AE, 0xF130, 0xF1B2, 0xF2B4, 0xF336, 0xF3B8, 0xF43B, 0xF4BD, 0xF53F, 0xF541, 
0xF5C3, 0xF646, 0xF648, 0xF6CA, 0xF74C, 0xF74F, 0xF7D1, 0xF7D3, 0xF7D5, 0xF858, 0xF85A, 0xF8DC, 
0xF8DE, 0xF8E1, 0xF963, 0xF965, 0xF967, 0xF9EA, 0xF9EC, 0xF9EE, 0xF9F0, 0xFA73, 0xFA75, 0xFA77, 
0xFA79, 0xFAFC, 0xFAFE, 0xFAFF, 0x867F, 0x86FE, 0x86FC, 0x86FA, 0x86F7, 0x8775, 0x8773, 0x8771, 
0x876E, 0x87EC, 0x87EA, 0x87E8, 0x8865, 0x8863, 0x8861, 0x88DF, 0x88DC, 0x895A, 0x8958, 0x89D6, 
0x89D4, 0x8A51, 0x8A4F, 0x8ACD, 0x8ACB, 0x8B48, 0x8BC6, 0x8C44, 0x8C42, 0x8CC0, 0x8D3E, 0x8DBB, 
0x8E39, 0x8EB7, 0x8FB5, 0x9033, 0x90B1, 0x91AF, 0x92AD, 0x93AA, 0x94A8, 0x95A6, 0x9725, 0x98A3, 
0x9A21, 0x9B9F, 0x9D9D, 0xA01C, 0xA29A, 0xA598, 0xA897, 0xAC16, 0xB015, 0xB494, 0xB914, 0xBD93, 
0xC293, 0xC714, 0xCB94, 0xD015, 0xD416, 0xD797, 0xDA98, 0xDD9A, 0xE01C, 0xE29D, 0xE49F, 0xE621, 
0xE7A3, 0xE925, 0xEAA6, 0xEBA8, 0xECAA, 0xEDAD, 0xEEAF, 0xEFB1, 0xF033, 0xF0B5, 0xF1B7, 0xF239, 
0xF2BB, 0xF33E, 0xF3C0, 0xF442, 0xF444, 0xF4C6, 0xF548, 0xF5CB, 0xF5CD, 0xF64F, 0xF651, 0xF6D4, 
0xF6D6, 0xF758, 0xF75A, 0xF7DC, 0xF7DF, 0xF861, 0xF863, 0xF865, 0xF8E8, 0xF8EA, 0xF8EC, 0xF96E, 
0xF971, 0xF973, 0xF975, 0xF9F7, 0xF9FA, 0xF9FC, 0xF9FE, 0xFA7F, 0x877F, 0x877F, 0x877C, 0x87FA, 
0x87F8, 0x87F6, 0x87F3, 0x8871, 0x886F, 0x886D, 0x88EA, 0x88E8, 0x8966, 0x8964, 0x8961, 0x89DF, 
0x89DD, 0x8A5B, 0x8A59, 0x8AD6, 0x8AD4, 0x8B52, 0x8BD0, 0x8BCD, 0x8C4B, 0x8CC9, 0x8CC7, 0x8D45, 
0x8DC3, 0x8E40, 0x8EBE, 0x8F3C, 0x8FBA, 0x90B8, 0x9136, 0x91B4, 0x92B2, 0x93B0, 0x94AE, 0x95AC, 
0x96AA, 0x97A8, 0x9926, 0x9AA4, 0x9C22, 0x9E20, 0xA01F, 0xA29D, 0xA51C, 0xA79A, 0xAA99, 0xAE18, 
0xB197, 0xB596, 0xB996, 0xBE16, 0xC216, 0xC696, 0xCA96, 0xCE97, 0xD218, 0xD599, 0xD89A, 0xDB1C, 
0xDD9D, 0xE01F, 0xE220, 0xE422, 0xE5A4, 0xE726, 0xE8A8, 0xE9AA, 0xEAAC, 0xEBAE, 0xECB0, 0xEDB2, 
0xEEB4, 0xEF36, 0xEFB8, 0xF0BA, 0xF13C, 0xF1BE, 0xF240, 0xF2C3, 0xF345, 0xF3C7, 0xF3C9, 0xF44B, 
0xF4CD, 0xF4D0, 0xF552, 0xF5D4, 0xF5D6, 0xF659, 0xF65B, 0xF6DD, 0xF6DF, 0xF761, 0xF764, 0xF766, 
0xF7E8, 0xF7EA, 0xF86D, 0xF86F, 0xF871, 0xF8F3, 0xF8F6, 0xF8F8, 0xF8FA, 0xF97C, 0xF97F, 0xF97F, 
0x87FF, 0x887F, 0x887D, 0x887B, 0x8878, 0x88F6, 0x88F4, 0x88F2, 0x896F, 0x896D, 0x896B, 0x89E9, 
0x89E6, 0x8A64, 0x8A62, 0x8AE0, 0x8ADE, 0x8B5B, 0x8B59, 0x8BD7, 0x8BD5, 0x8C53, 0x8CD0, 0x8CCE, 
0x8D4C, 0x8DCA, 0x8E48, 0x8EC6, 0x8F43, 0x8FC1, 0x903F, 0x90BD, 0x913B, 0x9239, 0x92B7, 0x93B5, 
0x9433, 0x9531, 0x962F, 0x972D, 0x98AB, 0x99A9, 0x9B27, 0x9CA5, 0x9E24, 0xA022, 0xA220, 0xA49F, 
0xA69E, 0xA99C, 0xAC9B, 0xAF9A, 0xB319, 0xB699, 0xBA18, 0xBE18, 0xC218, 0xC618, 0xC999, 0xCD19, 
0xD09A, 0xD39B, 0xD69C, 0xD99E, 0xDB9F, 0xDE20, 0xE022, 0xE224, 0xE3A5, 0xE527, 0xE6A9, 0xE7AB, 
0xE92D, 0xEA2F, 0xEB31, 0xEC33, 0xECB5, 0xEDB7, 0xEE39, 0xEF3B, 0xEFBD, 0xF03F, 0xF0C1, 0xF143, 
0xF1C6, 0xF248, 0xF2CA, 0xF34C, 0xF3CE, 0xF3D0, 0xF453, 0xF4D5, 0xF4D7, 0xF559, 0xF55B, 0xF5DE, 
0xF5E0, 0xF662, 0xF664, 0xF6E6, 0xF6E9, 0xF76B, 0xF76D, 0xF76F, 0xF7F2, 0xF7F4, 0xF7F6, 0xF878, 
0xF87B, 0xF87D, 0xF87F, 0xF8FF, 0x88FF, 0x88FF, 0x88FD, 0x897B, 0x8979, 0x8977, 0x89F4, 0x89F2, 
0x89F0, 0x8A6E, 0x8A6B, 0x8AE9, 0x8AE7, 0x8B65, 0x8B63, 0x8BE0, 0x8BDE, 0x8C5C, 0x8C5A, 0x8CD8, 
0x8D55, 0x8D53, 0x8DD1, 0x8E4F, 0x8ECD, 0x8ECB, 0x8F48, 0x8FC6, 0x9044, 0x90C2, 0x91C0, 0x923E, 
0x92BC, 0x93BA, 0x9438, 0x9536, 0x95B4, 0x96B2, 0x97B0, 0x992E, 0x9A2C, 0x9BAA, 0x9CA9, 0x9EA7, 
0xA025, 0xA224, 0xA422, 0xA621, 0xA89F, 0xAB1E, 0xAE1D, 0xB11C, 0xB41C, 0xB79B, 0xBA9B, 0xBE1A, 
0xC21A, 0xC59B, 0xC89B, 0xCC1C, 0xCF1C, 0xD21D, 0xD51E, 0xD79F, 0xDA21, 0xDC22, 0xDE24, 0xE025, 
0xE1A7, 0xE3A9, 0xE4AA, 0xE62C, 0xE72E, 0xE8B0, 0xE9B2, 0xEAB4, 0xEB36, 0xEC38, 0xECBA, 0xEDBC, 
0xEE3E, 0xEEC0, 0xEFC2, 0xF044, 0xF0C6, 0xF148, 0xF1CB, 0xF1CD, 0xF24F, 0xF2D1, 0xF353, 0xF355, 
0xF3D8, 0xF45A, 0xF45C, 0xF4DE, 0xF4E0, 0xF563, 0xF565, 0xF5E7, 0xF5E9, 0xF66B, 0xF66E, 0xF6F0, 
0xF6F2, 0xF6F4, 0xF777, 0xF779, 0xF77B, 0xF7FD, 0xF7FF, 0xF7FF, 0x897F, 0x897F, 0x89FE, 0x89FB, 
0x89F9, 0x8A77, 0x8A75, 0x8AF3, 0x8AF0, 0x8AEE, 0x8B6C, 0x8B6A, 0x8BE8, 0x8BE5, 0x8C63, 0x8C61, 
0x8CDF, 0x8D5D, 0x8D5A, 0x8DD8, 0x8E56, 0x8E54, 0x8ED2, 0x8F50, 0x8FCE, 0x904B, 0x90C9, 0x9147, 
0x91C5, 0x9243, 0x92C1, 0x933F, 0x943D, 0x94BB, 0x95B9, 0x96B7, 0x9735, 0x9833, 0x99B1, 0x9AAF, 
0x9BAE, 0x9D2C, 0x9EAA, 0xA028, 0xA1A7, 0xA3A5, 0xA5A4, 0xA7A3, 0xAA21, 0xACA0, 0xAF1F, 0xB21E, 
0xB51E, 0xB81D, 0xBB1D, 0xBE9D, 0xC19D, 0xC51D, 0xC81D, 0xCB1E, 0xCE1E, 0xD11F, 0xD3A0, 0xD621, 
0xD8A3, 0xDAA4, 0xDCA5, 0xDEA7, 0xE028, 0xE1AA, 0xE32C, 0xE4AE, 0xE5AF, 0xE6B1, 0xE833, 0xE935, 
0xE9B7, 0xEAB9, 0xEBBB, 0xEC3D, 0xED3F, 0xEDC1, 0xEE43, 0xEEC5, 0xEF47, 0xEFC9, 0xF04B, 0xF0CE, 
0xF150, 0xF1D2, 0xF254, 0xF256, 0xF2D8, 0xF35A, 0xF35D, 0xF3DF, 0xF461, 0xF463, 0xF4E5, 0xF4E8, 
0xF56A, 0xF56C, 0xF5EE, 0xF5F0, 0xF5F3, 0xF675, 0xF677, 0xF6F9, 0xF6FB, 0xF6FE, 0xF77F, 0xF77F, 
0x89FF, 0x8A7F, 0x8A7E, 0x8AFC, 0x8AFA, 0x8AF8, 0x8B75, 0x8B73, 0x8BF1, 0x8BEF, 0x8C6D, 0x8C6A, 
0x8CE8, 0x8CE6, 0x8D64, 0x8D62, 0x8DE0, 0x8DDD, 0x8E5B, 0x8ED9, 0x8F57, 0x8F55, 0x8FD3, 0x9051, 
0x90CE, 0x914C, 0x91CA, 0x9248, 0x92C6, 0x9344, 0x9442, 0x94C0, 0x953E, 0x963C, 0x973A, 0x97B8, 
0x98B6, 0x99B4, 0x9B33, 0x9C31, 0x9D2F, 0x9EAD, 0xA02C, 0xA1AA, 0xA3A9, 0xA527, 0xA726, 0xA925, 
0xABA3, 0xADA2, 0xB021, 0xB321, 0xB5A0, 0xB89F, 0xBB9F, 0xBE9F, 0xC19F, 0xC49F, 0xC79F, 0xCAA0, 
0xCD21, 0xD021, 0xD2A2, 0xD4A3, 0xD725, 0xD926, 0xDB27, 0xDCA9, 0xDEAA, 0xE02C, 0xE1AD, 0xE32F, 
0xE431, 0xE533, 0xE6B4, 0xE7B6, 0xE8B8, 0xE93A, 0xEA3C, 0xEB3E, 0xEBC0, 0xEC42, 0xED44, 0xEDC6, 
0xEE48, 0xEECA, 0xEF4C, 0xEFCE, 0xF051, 0xF0D3, 0xF155, 0xF157, 0xF1D9, 0xF25B, 0xF2DD, 0xF2E0, 
0xF362, 0xF364, 0xF3E6, 0xF3E8, 0xF46A, 0xF46D, 0xF4EF, 0xF4F1, 0xF573, 0xF575, 0xF5F8, 0xF5FA, 
0xF5FC, 0xF67E, 0xF67F, 0xF6FF, 0x8AFF, 0x8AFF, 0x8B7F, 0x8B7D, 0x8B7A, 0x8BF8, 0x8BF6, 0x8C74, 
0x8C72, 0x8CEF, 0x8CED, 0x8D6B, 0x8D69, 0x8DE7, 0x8DE5, 0x8E62, 0x8EE0, 0x8EDE, 0x8F5C, 0x8FDA, 
0x9058, 0x9056, 0x90D4, 0x9151, 0x91CF, 0x924D, 0x92CB, 0x9349, 0x9447, 0x94C5, 0x9543, 0x9641, 
0x96BF, 0x97BD, 0x983B, 0x9939, 0x9A38, 0x9B36, 0x9C34, 0x9DB2, 0x9EB1, 0xA02F, 0xA1AD, 0xA32C, 
0xA4AA, 0xA6A9, 0xA8A8, 0xAAA6, 0xACA5, 0xAF24, 0xB123, 0xB3A3, 0xB6A2, 0xB922, 0xBC21, 0xBEA1, 
0xC1A1, 0xC421, 0xC722, 0xC9A2, 0xCCA3, 0xCF23, 0xD124, 0xD3A5, 0xD5A6, 0xD7A8, 0xD9A9, 0xDBAA, 
0xDD2C, 0xDEAD, 0xE02F, 0xE1B1, 0xE2B2, 0xE434, 0xE536, 0xE638, 0xE739, 0xE83B, 0xE8BD, 0xE9BF, 
0xEA41, 0xEB43, 0xEBC5, 0xEC47, 0xED49, 0xEDCB, 0xEE4D, 0xEECF, 0xEF51, 0xEFD4, 0xF056, 0xF058, 
0xF0DA, 0xF15C, 0xF1DE, 0xF1E0, 0xF262, 0xF2E5, 0xF2E7, 0xF369, 0xF36B, 0xF3ED, 0xF3EF, 0xF472, 
0xF474, 0xF4F6, 0xF4F8, 0xF57A, 0xF57D, 0xF57F, 0xF5FF, 0xF5FF, 0x8B7F, 0x8BFF, 0x8BFF, 0x8BFD, 
0x8C7B, 0x8C79, 0x8CF7, 0x8CF5, 0x8D72, 0x8D70, 0x8DEE, 0x8DEC, 0x8E6A, 0x8E68, 0x8EE5, 0x8F63, 
0x8F61, 0x8FDF, 0x905D, 0x90DB, 0x9159, 0x9157, 0x91D4, 0x9252, 0x92D0, 0x934E, 0x93CC, 0x94CA, 
0x9548, 0x95C6, 0x96C4, 0x9742, 0x9840, 0x98BF, 0x99BD, 0x9ABB, 0x9BB9, 0x9CB7, 0x9DB5, 0x9EB4, 
0xA032, 0xA1B1, 0xA32F, 0xA4AE, 0xA62C, 0xA7AB, 0xA9AA, 0xABA8, 0xADA7, 0xB026, 0xB226, 0xB4A5, 
0xB724, 0xB9A4, 0xBC24, 0xBEA3, 0xC1A3, 0xC424, 0xC6A4, 0xC924, 0xCBA5, 0xCE26, 0xD026, 0xD2A7, 
0xD4A8, 0xD6AA, 0xD8AB, 0xDA2C, 0xDBAE, 0xDD2F, 0xDEB1, 0xE032, 0xE1B4, 0xE2B5, 0xE3B7, 0xE4B9, 
0xE5BB, 0xE6BD, 0xE7BF, 0xE840, 0xE942, 0xE9C4, 0xEAC6, 0xEB48, 0xEBCA, 0xECCC, 0xED4E, 0xEDD0, 
0xEE52, 0xEED4, 0xEF57, 0xEF59, 0xEFDB, 0xF05D, 0xF0DF, 0xF161, 0xF163, 0xF1E5, 0xF268, 0xF26A, 
0xF2EC, 0xF2EE, 0xF370, 0xF372, 0xF3F5, 0xF3F7, 0xF479, 0xF47B, 0xF4FD, 0xF4FF, 0xF4FF, 0xF57F, 
0x8C7F, 0x8C7F, 0x8C7F, 0x8CFE, 0x8CFC, 0x8D7A, 0x8D77, 0x8DF5, 0x8DF3, 0x8E71, 0x8E6F, 0x8EED, 
0x8F6A, 0x8F68, 0x8FE6, 0x9064, 0x9062, 0x90E0, 0x915E, 0x91DC, 0x91DA, 0x9258, 0x92D5, 0x9353, 
0x93D1, 0x944F, 0x954D, 0x95CB, 0x9649, 0x96C7, 0x97C6, 0x9844, 0x9942, 0x9A40, 0x9ABE, 0x9BBC, 
0x9CBA, 0x9DB9, 0x9F37, 0xA035, 0xA1B4, 0xA2B2, 0xA431, 0xA5AF, 0xA72E, 0xA92D, 0xAAAC, 0xACAA, 
0xAEA9, 0xB0A9, 0xB328, 0xB527, 0xB7A7, 0xBA26, 0xBCA6, 0xBF26, 0xC126, 0xC3A6, 0xC626, 0xC8A7, 
0xCB27, 0xCD28, 0xCFA9, 0xD1A9, 0xD3AA, 0xD5AC, 0xD72D, 0xD92E, 0xDAAF, 0xDC31, 0xDDB2, 0xDEB4, 
0xE035, 0xE137, 0xE2B9, 0xE3BA, 0xE4BC, 0xE5BE, 0xE640, 0xE742, 0xE844, 0xE8C6, 0xE9C7, 0xEA49, 
0xEACB, 0xEB4D, 0xEC4F, 0xECD1, 0xED53, 0xEDD5, 0xEE58, 0xEEDA, 0xEEDC, 0xEF5E, 0xEFE0, 0xF062, 
0xF064, 0xF0E6, 0xF168, 0xF16A, 0xF1ED, 0xF26F, 0xF271, 0xF2F3, 0xF2F5, 0xF377, 0xF37A, 0xF3FC, 
0xF3FE, 0xF47F, 0xF47F, 0xF47F, 0x8CFF, 0x8CFF, 0x8D7F, 0x8D7F, 0x8DFC, 0x8DFA, 0x8E78, 0x8E76, 
0x8EF4, 0x8EF2, 0x8F70, 0x8FED, 0x8FEB, 0x9069, 0x90E7, 0x90E5, 0x9163, 0x91E1, 0x925F, 0x925D, 
0x92DB, 0x9359, 0x93D6, 0x9454, 0x94D2, 0x9550, 0x964E, 0x96CD, 0x974B, 0x9849, 0x98C7, 0x99C5, 
0x9A43, 0x9B41, 0x9C3F, 0x9D3E, 0x9E3C, 0x9F3A, 0xA039, 0xA137, 0xA2B5, 0xA434, 0xA533, 0xA6B1, 
0xA8B0, 0xAA2F, 0xABAE, 0xADAD, 0xAFAC, 0xB1AB, 0xB3AA, 0xB5A9, 0xB829, 0xBA28, 0xBCA8, 0xBF28, 
0xC128, 0xC3A8, 0xC628, 0xC829, 0xCAA9, 0xCCAA, 0xCEAB, 0xD0AC, 0xD2AD, 0xD4AE, 0xD62F, 0xD7B0, 
0xD9B1, 0xDB33, 0xDC34, 0xDDB5, 0xDF37, 0xE039, 0xE13A, 0xE23C, 0xE33E, 0xE43F, 0xE541, 0xE643, 
0xE6C5, 0xE7C7, 0xE849, 0xE94B, 0xE9CD, 0xEA4E, 0xEB50, 0xEBD2, 0xEC54, 0xECD6, 0xED59, 0xEDDB, 
0xEE5D, 0xEE5F, 0xEEE1, 0xEF63, 0xEFE5, 0xEFE7, 0xF069, 0xF0EB, 0xF0ED, 0xF170, 0xF1F2, 0xF1F4, 
0xF276, 0xF278, 0xF2FA, 0xF2FC, 0xF37F, 0xF37F, 0xF3FF, 0xF3FF, 0x8D7F, 0x8DFF, 0x8DFF, 0x8E7F, 
0x8E7D, 0x8EFB, 0x8EF9, 0x8F77, 0x8F75, 0x8FF3, 0x8FF0, 0x906E, 0x90EC, 0x90EA, 0x9168, 0x91E6, 
0x9264, 0x92E2, 0x92E0, 0x935E, 0x93DC, 0x945A, 0x94D8, 0x9556, 0x95D4, 0x9652, 0x9750, 0x97CE, 
0x984C, 0x994A, 0x99C8, 0x9AC6, 0x9B44, 0x9C43, 0x9D41, 0x9E3F, 0x9F3E, 0xA03C, 0xA13A, 0xA2B9, 
0xA3B7, 0xA536, 0xA6B4, 0xA833, 0xA9B2, 0xAB31, 0xACB0, 0xAEAF, 0xB0AE, 0xB22D, 0xB42C, 0xB6AC, 
0xB8AB, 0xBAAB, 0xBCAA, 0xBF2A, 0xC12A, 0xC3AA, 0xC5AB, 0xC7AB, 0xC9AC, 0xCC2C, 0xCE2D, 0xCFAE, 
0xD1AF, 0xD3B0, 0xD531, 0xD6B2, 0xD833, 0xD9B4, 0xDB36, 0xDCB7, 0xDDB9, 0xDF3A, 0xE03C, 0xE13E, 
0xE23F, 0xE341, 0xE443, 0xE544, 0xE5C6, 0xE6C8, 0xE74A, 0xE84C, 0xE8CE, 0xE950, 0xEA52, 0xEAD4, 
0xEB56, 0xEBD8, 0xEC5A, 0xECDC, 0xED5E, 0xEDE0, 0xEDE2, 0xEE64, 0xEEE6, 0xEF68, 0xEFEA, 0xEFEC, 
0xF06E, 0xF0F0, 0xF0F3, 0xF175, 0xF177, 0xF1F9, 0xF1FB, 0xF27D, 0xF27F, 0xF2FF, 0xF2FF, 0xF37F, 
0x8E7F, 0x8E7F, 0x8E7F, 0x8EFF, 0x8EFE, 0x8F7C, 0x8FFA, 0x8FF8, 0x9075, 0x9073, 0x90F1, 0x916F, 
0x916D, 0x91EB, 0x9269, 0x92E7, 0x92E5, 0x9363, 0x93E1, 0x945F, 0x94DD, 0x955B, 0x95D9, 0x9657, 
0x96D5, 0x9753, 0x9851, 0x98CF, 0x994D, 0x9A4B, 0x9AC9, 0x9BC8, 0x9C46, 0x9D44, 0x9E42, 0x9F41, 
0xA03F, 0xA13E, 0xA23C, 0xA3BA, 0xA4B9, 0xA638, 0xA7B6, 0xA935, 0xAAB4, 0xAC33, 0xADB2, 0xAFB1, 
0xB130, 0xB32F, 0xB52E, 0xB72E, 0xB92D, 0xBB2D, 0xBD2D, 0xBF2D, 0xC12D, 0xC32D, 0xC52D, 0xC72D, 
0xC92E, 0xCB2E, 0xCD2F, 0xCF30, 0xD0B1, 0xD2B2, 0xD433, 0xD5B4, 0xD735, 0xD8B6, 0xDA38, 0xDBB9, 
0xDCBA, 0xDE3C, 0xDF3E, 0xE03F, 0xE141, 0xE242, 0xE344, 0xE446, 0xE4C8, 0xE5C9, 0xE64B, 0xE74D, 
0xE7CF, 0xE851, 0xE953, 0xE9D5, 0xEA57, 0xEAD9, 0xEB5B, 0xEBDD, 0xEC5F, 0xECE1, 0xED63, 0xEDE5, 
0xEDE7, 0xEE69, 0xEEEB, 0xEF6D, 0xEF6F, 0xEFF1, 0xF073, 0xF075, 0xF0F8, 0xF0FA, 0xF17C, 0xF1FE, 
0xF1FF, 0xF27F, 0xF27F, 0xF27F, 0x8EFF, 0x8EFF, 0x8F7F, 0x8F7F, 0x8FFF, 0x8FFD, 0x907B, 0x90F8, 
0x90F6, 0x9174, 0x9172, 0x91F0, 0x926E, 0x92EC, 0x92EA, 0x9368, 0x93E6, 0x9464, 0x94E2, 0x9560, 
0x95DE, 0x965C, 0x96DA, 0x9758, 0x97D6, 0x9854, 0x98D2, 0x99D0, 0x9A4E, 0x9B4D, 0x9BCB, 0x9CC9, 
0x9D47, 0x9E46, 0x9F44, 0xA042, 0xA141, 0xA23F, 0xA33E, 0xA4BC, 0xA5BB, 0xA739, 0xA8B8, 0xA9B7, 
0xAB36, 0xACB5, 0xAEB4, 0xB033, 0xB1B2, 0xB3B1, 0xB5B1, 0xB730, 0xB930, 0xBB2F, 0xBD2F, 0xBF2F, 
0xC12F, 0xC32F, 0xC52F, 0xC730, 0xC930, 0xCAB1, 0xCCB1, 0xCEB2, 0xD033, 0xD1B4, 0xD3B5, 0xD536, 
0xD6B7, 0xD7B8, 0xD939, 0xDABB, 0xDBBC, 0xDD3E, 0xDE3F, 0xDF41, 0xE042, 0xE144, 0xE246, 0xE347, 
0xE3C9, 0xE4CB, 0xE54D, 0xE64E, 0xE6D0, 0xE7D2, 0xE854, 0xE8D6, 0xE958, 0xE9DA, 0xEA5C, 0xEADE, 
0xEB60, 0xEBE2, 0xEC64, 0xECE6, 0xED68, 0xEDEA, 0xEDEC, 0xEE6E, 0xEEF0, 0xEF72, 0xEF74, 0xEFF6, 
0xEFF8, 0xF07B, 0xF0FD, 0xF0FF, 0xF17F, 0xF17F, 0xF1FF, 0xF1FF, 0x8F7F, 0x8FFF, 0x8FFF, 0x907F, 
0x907F, 0x90FE, 0x90FB, 0x9179, 0x91F7, 0x91F5, 0x9273, 0x92F1, 0x92EF, 0x936D, 0x93EB, 0x9469, 
0x94E7, 0x9565, 0x9563, 0x95E1, 0x965F, 0x96DD, 0x975B, 0x9859, 0x98D7, 0x9955, 0x99D4, 0x9AD2, 
0x9B50, 0x9C4E, 0x9CCC, 0x9DCB, 0x9E49, 0x9F47, 0xA046, 0xA144, 0xA242, 0xA341, 0xA43F, 0xA5BE, 
0xA6BD, 0xA83B, 0xA93A, 0xAAB9, 0xAC38, 0xADB7, 0xAF36, 0xB0B5, 0xB2B4, 0xB433, 0xB633, 0xB7B2, 
0xB9B2, 0xBBB2, 0xBD31, 0xBF31, 0xC131, 0xC331, 0xC4B2, 0xC6B2, 0xC8B2, 0xCA33, 0xCC33, 0xCDB4, 
0xCFB5, 0xD136, 0xD2B7, 0xD438, 0xD5B9, 0xD73A, 0xD83B, 0xD9BD, 0xDABE, 0xDC3F, 0xDD41, 0xDE42, 
0xDF44, 0xE046, 0xE147, 0xE249, 0xE2CB, 0xE3CC, 0xE44E, 0xE550, 0xE5D2, 0xE6D4, 0xE755, 0xE7D7, 
0xE859, 0xE95B, 0xE9DD, 0xEA5F, 0xEAE1, 0xEB63, 0xEB65, 0xEBE7, 0xEC69, 0xECEB, 0xED6D, 0xEDEF, 
0xEDF1, 0xEE73, 0xEEF5, 0xEEF7, 0xEF79, 0xEFFB, 0xEFFE, 0xF07F, 0xF07F, 0xF0FF, 0xF0FF, 0xF17F, 
0x8FFF, 0x907F, 0x907F, 0x90FF, 0x917F, 0x917F, 0x91FC, 0x91FA, 0x9278, 0x92F6, 0x92F4, 0x9372, 
0x93F0, 0x946E, 0x946C, 0x94EA, 0x9568, 0x95E6, 0x9664, 0x96E2, 0x9760, 0x97DE, 0x985C, 0x98DA, 
0x99D9, 0x9A57, 0x9AD5, 0x9B53, 0x9C51, 0x9CD0, 0x9DCE, 0x9ECC, 0x9F4A, 0xA049, 0xA147, 0xA246, 
0xA344, 0xA443, 0xA541, 0xA640, 0xA7BF, 0xA8BD, 0xAA3C, 0xABBB, 0xACBA, 0xAE39, 0xAFB8, 0xB1B7, 
0xB336, 0xB4B6, 0xB635, 0xB835, 0xB9B4, 0xBBB4, 0xBDB4, 0xBF33, 0xC133, 0xC2B4, 0xC4B4, 0xC6B4, 
0xC835, 0xCA35, 0xCBB6, 0xCD36, 0xCEB7, 0xD0B8, 0xD239, 0xD3BA, 0xD4BB, 0xD63C, 0xD7BD, 0xD8BF, 
0xDA40, 0xDB41, 0xDC43, 0xDD44, 0xDE46, 0xDF47, 0xE049, 0xE14A, 0xE1CC, 0xE2CE, 0xE3D0, 0xE451, 
0xE553, 0xE5D5, 0xE657, 0xE6D9, 0xE7DA, 0xE85C, 0xE8DE, 0xE960, 0xE9E2, 0xEA64, 0xEAE6, 0xEB68, 
0xEBEA, 0xEC6C, 0xEC6E, 0xECF0, 0xED72, 0xEDF4, 0xEDF6, 0xEE78, 0xEEFA, 0xEEFC, 0xEF7F, 0xEF7F, 
0xEFFF, 0xF07F, 0xF07F, 0xF0FF, 0x90FF, 0x90FF, 0x917F, 0x917F, 0x91FF, 0x91FF, 0x927D, 0x92FB, 
0x92F9, 0x9377, 0x93F5, 0x9473, 0x9471, 0x94EF, 0x956D, 0x95EB, 0x9669, 0x96E7, 0x9765, 0x97E3, 
0x9861, 0x98E0, 0x995E, 0x99DC, 0x9A5A, 0x9AD8, 0x9BD6, 0x9C55, 0x9D53, 0x9DD1, 0x9ECF, 0x9F4E, 
0xA04C, 0xA14A, 0xA249, 0xA347, 0xA446, 0xA544, 0xA643, 0xA742, 0xA840, 0xA9BF, 0xAB3E, 0xAC3D, 
0xADBC, 0xAF3B, 0xB0BA, 0xB239, 0xB3B8, 0xB538, 0xB6B7, 0xB8B7, 0xBA36, 0xBBB6, 0xBDB6, 0xBF36, 
0xC136, 0xC2B6, 0xC4B6, 0xC636, 0xC7B7, 0xC9B7, 0xCB38, 0xCCB8, 0xCE39, 0xCFBA, 0xD13B, 0xD2BC, 
0xD43D, 0xD53E, 0xD6BF, 0xD840, 0xD942, 0xDA43, 0xDB44, 0xDC46, 0xDD47, 0xDE49, 0xDF4A, 0xE04C, 
0xE14E, 0xE1CF, 0xE2D1, 0xE353, 0xE455, 0xE4D6, 0xE5D8, 0xE65A, 0xE6DC, 0xE75E, 0xE7E0, 0xE861, 
0xE8E3, 0xE965, 0xE9E7, 0xEA69, 0xEAEB, 0xEB6D, 0xEBEF, 0xEC71, 0xEC73, 0xECF5, 0xED77, 0xEDF9, 
0xEDFB, 0xEE7D, 0xEEFF, 0xEEFF, 0xEF7F, 0xEF7F, 0xEFFF, 0xEFFF, 0x917F, 0x917F, 0x91FF, 0x927F, 
0x927F, 0x92FF, 0x92FE, 0x937C, 0x93FA, 0x9478, 0x9476, 0x94F4, 0x9572, 0x95F0, 0x95EE, 0x966C, 
0x96EA, 0x9768, 0x97E7, 0x9865, 0x98E3, 0x9961, 0x99DF, 0x9ADD, 0x9B5B, 0x9BDA, 0x9C58, 0x9D56, 
0x9DD4, 0x9ED3, 0x9F51, 0xA04F, 0xA14E, 0xA1CC, 0xA2CB, 0xA3C9, 0xA4C8, 0xA5C6, 0xA6C5, 0xA844, 
0xA942, 0xAA41, 0xABC0, 0xAD3F, 0xAE3E, 0xAFBD, 0xB13C, 0xB2BB, 0xB43B, 0xB5BA, 0xB739, 0xB8B9, 
0xBA39, 0xBC38, 0xBDB8, 0xBF38, 0xC138, 0xC2B8, 0xC438, 0xC639, 0xC7B9, 0xC939, 0xCABA, 0xCC3B, 
0xCDBB, 0xCF3C, 0xD0BD, 0xD23E, 0xD33F, 0xD4C0, 0xD641, 0xD742, 0xD844, 0xD9C5, 0xDAC6, 0xDBC8, 
0xDCC9, 0xDDCB, 0xDECC, 0xDF4E, 0xE04F, 0xE151, 0xE1D3, 0xE2D4, 0xE356, 0xE458, 0xE4DA, 0xE55B, 
0xE5DD, 0xE6DF, 0xE761, 0xE7E3, 0xE865, 0xE8E7, 0xE968, 0xE9EA, 0xEA6C, 0xEAEE, 0xEAF0, 0xEB72, 
0xEBF4, 0xEC76, 0xEC78, 0xECFA, 0xED7C, 0xEDFE, 0xEDFF, 0xEE7F, 0xEE7F, 0xEEFF, 0xEF7F, 0xEF7F, 
0x91FF, 0x927F, 0x927F, 0x92FF, 0x92FF, 0x937F, 0x93FF, 0x93FD, 0x947B, 0x94F9, 0x9577, 0x9575, 
0x95F3, 0x9671, 0x96EF, 0x976E, 0x97EC, 0x986A, 0x98E8, 0x9966, 0x99E4, 0x9A62, 0x9AE0, 0x9B5F, 
0x9BDD, 0x9CDB, 0x9D59, 0x9DD8, 0x9ED6, 0x9F54, 0xA053, 0xA151, 0xA1CF, 0xA2CE, 0xA3CC, 0xA4CB, 
0xA5C9, 0xA6C8, 0xA7C7, 0xA8C6, 0xA9C4, 0xAB43, 0xAC42, 0xADC1, 0xAEC0, 0xB03F, 0xB1BE, 0xB33E, 
0xB4BD, 0xB63C, 0xB7BC, 0xB93B, 0xBABB, 0xBC3B, 0xBDBA, 0xBF3A, 0xC13A, 0xC2BA, 0xC43B, 0xC5BB, 
0xC73B, 0xC8BC, 0xCA3C, 0xCBBD, 0xCD3E, 0xCEBE, 0xD03F, 0xD1C0, 0xD2C1, 0xD442, 0xD543, 0xD6C4, 
0xD7C6, 0xD8C7, 0xD9C8, 0xDAC9, 0xDBCB, 0xDCCC, 0xDDCE, 0xDECF, 0xDF51, 0xE053, 0xE154, 0xE1D6, 
0xE2D8, 0xE359, 0xE3DB, 0xE4DD, 0xE55F, 0xE5E0, 0xE662, 0xE6E4, 0xE766, 0xE7E8, 0xE86A, 0xE8EC, 
0xE96E, 0xE9EF, 0xEA71, 0xEAF3, 0xEB75, 0xEB77, 0xEBF9, 0xEC7B, 0xECFD, 0xECFF, 0xED7F, 0xEDFF, 
0xEDFF, 0xEE7F, 0xEE7F, 0xEEFF, 0x927F, 0x92FF, 0x92FF, 0x937F, 0x93FF, 0x93FF, 0x947F, 0x94FE, 
0x94FC, 0x957A, 0x95F8, 0x9677, 0x96F5, 0x96F3, 0x9771, 0x97EF, 0x986D, 0x98EB, 0x9969, 0x99E7, 
0x9A65, 0x9AE4, 0x9BE2, 0x9C60, 0x9CDE, 0x9D5C, 0x9E5B, 0x9ED9, 0x9F57, 0xA056, 0xA154, 0xA1D3, 
0xA2D1, 0xA3D0, 0xA44E, 0xA54D, 0xA64B, 0xA74A, 0xA849, 0xA9C7, 0xAAC6, 0xABC5, 0xAD44, 0xAE43, 
0xAFC2, 0xB0C1, 0xB240, 0xB3C0, 0xB53F, 0xB63E, 0xB7BE, 0xB93E, 0xBABD, 0xBC3D, 0xBDBD, 0xBF3D, 
0xC13D, 0xC2BD, 0xC43D, 0xC5BD, 0xC73E, 0xC8BE, 0xCA3E, 0xCB3F, 0xCCC0, 0xCE40, 0xCFC1, 0xD0C2, 
0xD243, 0xD344, 0xD4C5, 0xD5C6, 0xD6C7, 0xD849, 0xD94A, 0xDA4B, 0xDB4D, 0xDC4E, 0xDCD0, 0xDDD1, 
0xDED3, 0xDF54, 0xE056, 0xE157, 0xE1D9, 0xE25B, 0xE35C, 0xE3DE, 0xE460, 0xE4E2, 0xE5E4, 0xE665, 
0xE6E7, 0xE769, 0xE7EB, 0xE86D, 0xE8EF, 0xE971, 0xE9F3, 0xE9F5, 0xEA77, 0xEAF8, 0xEB7A, 0xEBFC, 
0xEBFE, 0xEC7F, 0xECFF, 0xECFF, 0xED7F, 0xEDFF, 0xEDFF, 0xEE7F, 0x92FF, 0x937F, 0x93FF, 0x93FF, 
0x947F, 0x94FF, 0x94FF, 0x957F, 0x95FE, 0x967C, 0x967A, 0x96F8, 0x9776, 0x97F4, 0x9872, 0x98F0, 
0x996E, 0x99EC, 0x9A6A, 0x9AE9, 0x9B67, 0x9BE5, 0x9C63, 0x9CE1, 0x9D60, 0x9E5E, 0x9EDC, 0x9FDB, 
0xA059, 0xA157, 0xA1D6, 0xA2D4, 0xA353, 0xA451, 0xA550, 0xA64E, 0xA74D, 0xA84C, 0xA94B, 0xAA49, 
0xAB48, 0xAC47, 0xADC6, 0xAEC5, 0xB044, 0xB143, 0xB2C3, 0xB442, 0xB541, 0xB6C1, 0xB840, 0xB9C0, 
0xBB3F, 0xBCBF, 0xBE3F, 0xBFBF, 0xC0BF, 0xC23F, 0xC3BF, 0xC53F, 0xC6C0, 0xC840, 0xC9C1, 0xCB41, 
0xCC42, 0xCDC3, 0xCF43, 0xD044, 0xD1C5, 0xD2C6, 0xD447, 0xD548, 0xD649, 0xD74B, 0xD84C, 0xD94D, 
0xDA4E, 0xDB50, 0xDC51, 0xDD53, 0xDDD4, 0xDED6, 0xDF57, 0xE059, 0xE0DB, 0xE1DC, 0xE25E, 0xE360, 
0xE3E1, 0xE463, 0xE4E5, 0xE567, 0xE5E9, 0xE66A, 0xE6EC, 0xE76E, 0xE7F0, 0xE872, 0xE8F4, 0xE976, 
0xE9F8, 0xEA7A, 0xEA7C, 0xEAFE, 0xEB7F, 0xEBFF, 0xEBFF, 0xEC7F, 0xECFF, 0xECFF, 0xED7F, 0xEDFF, 
0x93FF, 0x93FF, 0x947F, 0x94FF, 0x94FF, 0x957F, 0x95FF, 0x95FF, 0x967F, 0x96FD, 0x977B, 0x9779, 
0x97F7, 0x9875, 0x98F3, 0x9971, 0x99EF, 0x9A6E, 0x9AEC, 0x9B6A, 0x9BE8, 0x9C66, 0x9CE5, 0x9DE3, 
0x9E61, 0x9EE0, 0x9FDE, 0xA05C, 0xA0DB, 0xA1D9, 0xA2D8, 0xA356, 0xA455, 0xA553, 0xA5D2, 0xA6D0, 
0xA7CF, 0xA8CE, 0xA9CD, 0xAACB, 0xABCA, 0xAD49, 0xAE48, 0xAF47, 0xB0C6, 0xB1C6, 0xB345, 0xB444, 
0xB5C3, 0xB743, 0xB842, 0xB9C2, 0xBB42, 0xBCC1, 0xBE41, 0xBFC1, 0xC0C1, 0xC241, 0xC3C1, 0xC542, 
0xC6C2, 0xC842, 0xC943, 0xCAC3, 0xCC44, 0xCD45, 0xCEC6, 0xCFC6, 0xD147, 0xD248, 0xD349, 0xD4CA, 
0xD5CB, 0xD6CD, 0xD7CE, 0xD8CF, 0xD9D0, 0xDAD2, 0xDB53, 0xDC55, 0xDD56, 0xDDD8, 0xDED9, 0xDFDB, 
0xE05C, 0xE0DE, 0xE1E0, 0xE261, 0xE2E3, 0xE3E5, 0xE466, 0xE4E8, 0xE56A, 0xE5EC, 0xE66E, 0xE6EF, 
0xE771, 0xE7F3, 0xE875, 0xE8F7, 0xE979, 0xE97B, 0xE9FD, 0xEA7F, 0xEAFF, 0xEAFF, 0xEB7F, 0xEBFF, 
0xEBFF, 0xEC7F, 0xECFF, 0xECFF, 0x947F, 0x947F, 0x94FF, 0x957F, 0x957F, 0x95FF, 0x967F, 0x96FF, 
0x96FF, 0x977E, 0x97FC, 0x987A, 0x98F8, 0x98F6, 0x9975, 0x99F3, 0x9A71, 0x9AEF, 0x9B6D, 0x9BEB, 
0x9C6A, 0x9D68, 0x9DE6, 0x9E64, 0x9EE3, 0x9FE1, 0xA05F, 0xA0DE, 0xA1DC, 0xA25B, 0xA359, 0xA458, 
0xA4D6, 0xA5D5, 0xA6D4, 0xA7D2, 0xA851, 0xA950, 0xAA4E, 0xAB4D, 0xACCC, 0xADCB, 0xAECA, 0xAFC9, 
0xB148, 0xB248, 0xB3C7, 0xB4C6, 0xB646, 0xB745, 0xB8C5, 0xBA44, 0xBB44, 0xBCC4, 0xBE44, 0xBFC4, 
0xC0C4, 0xC244, 0xC3C4, 0xC544, 0xC644, 0xC7C5, 0xC945, 0xCA46, 0xCBC6, 0xCCC7, 0xCE48, 0xCF48, 
0xD0C9, 0xD1CA, 0xD2CB, 0xD3CC, 0xD54D, 0xD64E, 0xD750, 0xD851, 0xD8D2, 0xD9D4, 0xDAD5, 0xDBD6, 
0xDC58, 0xDD59, 0xDE5B, 0xDEDC, 0xDFDE, 0xE05F, 0xE0E1, 0xE1E3, 0xE264, 0xE2E6, 0xE368, 0xE46A, 
0xE4EB, 0xE56D, 0xE5EF, 0xE671, 0xE6F3, 0xE775, 0xE7F6, 0xE7F8, 0xE87A, 0xE8FC, 0xE97E, 0xE9FF, 
0xE9FF, 0xEA7F, 0xEAFF, 0xEB7F, 0xEB7F, 0xEBFF, 0xEC7F, 0xEC7F, 0x94FF, 0x957F, 0x957F, 0x95FF, 
0x967F, 0x967F, 0x96FF, 0x977F, 0x97FF, 0x97FF, 0x987D, 0x98FB, 0x997A, 0x99F8, 0x9A76, 0x9AF4, 
0x9B72, 0x9BF0, 0x9C6F, 0x9CED, 0x9D6B, 0x9DE9, 0x9E68, 0x9EE6, 0x9FE4, 0xA063, 0xA0E1, 0xA1E0, 
0xA25E, 0xA35C, 0xA3DB, 0xA4DA, 0xA5D8, 0xA657, 0xA755, 0xA854, 0xA953, 0xAA52, 0xAB50, 0xAC4F, 
0xAD4E, 0xAE4D, 0xAF4C, 0xB04B, 0xB1CB, 0xB2CA, 0xB3C9, 0xB548, 0xB648, 0xB7C7, 0xB8C7, 0xBA47, 
0xBBC6, 0xBCC6, 0xBE46, 0xBFC6, 0xC0C6, 0xC246, 0xC3C6, 0xC4C6, 0xC647, 0xC7C7, 0xC8C7, 0xCA48, 
0xCB48, 0xCCC9, 0xCDCA, 0xCECB, 0xD04B, 0xD14C, 0xD24D, 0xD34E, 0xD44F, 0xD550, 0xD652, 0xD753, 
0xD854, 0xD955, 0xDA57, 0xDAD8, 0xDBDA, 0xDCDB, 0xDD5C, 0xDE5E, 0xDEE0, 0xDFE1, 0xE063, 0xE0E4, 
0xE1E6, 0xE268, 0xE2E9, 0xE36B, 0xE3ED, 0xE46F, 0xE4F0, 0xE572, 0xE5F4, 0xE676, 0xE6F8, 0xE77A, 
0xE7FB, 0xE87D, 0xE8FF, 0xE8FF, 0xE97F, 0xE9FF, 0xEA7F, 0xEA7F, 0xEAFF, 0xEB7F, 0xEB7F, 0xEBFF, 
0x957F, 0x95FF, 0x95FF, 0x967F, 0x96FF, 0x96FF, 0x977F, 0x97FF, 0x987F, 0x98FF, 0x98FF, 0x997D, 
0x99FB, 0x9A79, 0x9AF7, 0x9B75, 0x9BF4, 0x9C72, 0x9CF0, 0x9D6E, 0x9DED, 0x9E6B, 0x9EE9, 0x9FE8, 
0xA066, 0xA0E4, 0xA1E3, 0xA261, 0xA360, 0xA3DE, 0xA4DD, 0xA55B, 0xA65A, 0xA6D9, 0xA7D7, 0xA8D6, 
0xA9D5, 0xAAD4, 0xABD2, 0xACD1, 0xADD0, 0xAECF, 0xAFCE, 0xB0CE, 0xB1CD, 0xB34C, 0xB44B, 0xB5CB, 
0xB6CA, 0xB7CA, 0xB949, 0xBA49, 0xBBC9, 0xBD48, 0xBE48, 0xBFC8, 0xC0C8, 0xC248, 0xC348, 0xC4C9, 
0xC649, 0xC749, 0xC8CA, 0xC9CA, 0xCACB, 0xCC4B, 0xCD4C, 0xCECD, 0xCFCE, 0xD0CE, 0xD1CF, 0xD2D0, 
0xD3D1, 0xD4D2, 0xD5D4, 0xD6D5, 0xD7D6, 0xD8D7, 0xD9D9, 0xDA5A, 0xDB5B, 0xDBDD, 0xDCDE, 0xDD60, 
0xDE61, 0xDEE3, 0xDFE4, 0xE066, 0xE0E8, 0xE1E9, 0xE26B, 0xE2ED, 0xE36E, 0xE3F0, 0xE472, 0xE4F4, 
0xE575, 0xE5F7, 0xE679, 0xE6FB, 0xE77D, 0xE7FF, 0xE7FF, 0xE87F, 0xE8FF, 0xE97F, 0xE9FF, 0xE9FF, 
0xEA7F, 0xEAFF, 0xEAFF, 0xEB7F, 0x95FF, 0x967F, 0x967F, 0x96FF, 0x977F, 0x97FF, 0x97FF, 0x987F, 
0x98FF, 0x997F, 0x99FF, 0x99FE, 0x9A7C, 0x9AFA, 0x9B79, 0x9BF7, 0x9C75, 0x9CF3, 0x9D72, 0x9DF0, 
0x9E6E, 0x9F6C, 0x9FEB, 0xA069, 0xA0E8, 0xA1E6, 0xA264, 0xA2E3, 0xA3E1, 0xA460, 0xA55F, 0xA5DD, 
0xA6DC, 0xA7DA, 0xA859, 0xA958, 0xAA57, 0xAB56, 0xAC54, 0xAD53, 0xAE52, 0xAF51, 0xB051, 0xB150, 
0xB24F, 0xB3CE, 0xB4CD, 0xB5CD, 0xB74C, 0xB84C, 0xB94B, 0xBACB, 0xBBCB, 0xBD4B, 0xBE4A, 0xBFCA, 
0xC0CA, 0xC24A, 0xC34B, 0xC4CB, 0xC5CB, 0xC74B, 0xC84C, 0xC94C, 0xCACD, 0xCBCD, 0xCCCE, 0xCE4F, 
0xCF50, 0xD051, 0xD151, 0xD252, 0xD353, 0xD454, 0xD556, 0xD657, 0xD758, 0xD859, 0xD8DA, 0xD9DC, 
0xDADD, 0xDB5F, 0xDC60, 0xDCE1, 0xDDE3, 0xDE64, 0xDEE6, 0xDFE8, 0xE069, 0xE0EB, 0xE16C, 0xE26E, 
0xE2F0, 0xE372, 0xE3F3, 0xE475, 0xE4F7, 0xE579, 0xE5FA, 0xE67C, 0xE6FE, 0xE6FF, 0xE77F, 0xE7FF, 
0xE87F, 0xE8FF, 0xE8FF, 0xE97F, 0xE9FF, 0xEA7F, 0xEA7F, 0xEAFF, 0x967F, 0x96FF, 0x977F, 0x977F, 
0x97FF, 0x987F, 0x987F, 0x98FF, 0x997F, 0x99FF, 0x9A7F, 0x9AFF, 0x9AFE, 0x9B7C, 0x9BFA, 0x9C78, 
0x9CF7, 0x9D75, 0x9DF3, 0x9EF1, 0x9F70, 0x9FEE, 0xA06C, 0xA0EB, 0xA1E9, 0xA268, 0xA2E6, 0xA3E5, 
0xA463, 0xA4E2, 0xA5E0, 0xA6DF, 0xA75E, 0xA85C, 0xA95B, 0xA9DA, 0xAAD9, 0xABD8, 0xACD6, 0xADD5, 
0xAED4, 0xAFD4, 0xB0D3, 0xB1D2, 0xB2D1, 0xB3D0, 0xB4D0, 0xB64F, 0xB74F, 0xB84E, 0xB9CE, 0xBACD, 
0xBC4D, 0xBD4D, 0xBE4D, 0xBFCD, 0xC0CD, 0xC24D, 0xC34D, 0xC44D, 0xC5CD, 0xC6CE, 0xC84E, 0xC94F, 
0xCA4F, 0xCBD0, 0xCCD0, 0xCDD1, 0xCED2, 0xCFD3, 0xD0D4, 0xD1D4, 0xD2D5, 0xD3D6, 0xD4D8, 0xD5D9, 
0xD6DA, 0xD75B, 0xD85C, 0xD95E, 0xD9DF, 0xDAE0, 0xDBE2, 0xDC63, 0xDCE5, 0xDDE6, 0xDE68, 0xDEE9, 
0xDFEB, 0xE06C, 0xE0EE, 0xE170, 0xE1F1, 0xE2F3, 0xE375, 0xE3F7, 0xE478, 0xE4FA, 0xE57C, 0xE5FE, 
0xE5FF, 0xE67F, 0xE6FF, 0xE77F, 0xE7FF, 0xE87F, 0xE87F, 0xE8FF, 0xE97F, 0xE97F, 0xE9FF, 0xEA7F, 
0x96FF, 0x977F, 0x97FF, 0x97FF, 0x987F, 0x98FF, 0x997F, 0x997F, 0x99FF, 0x9A7F, 0x9AFF, 0x9B7F, 
0x9BFF, 0x9C7D, 0x9CFB, 0x9CFA, 0x9DF8, 0x9E76, 0x9EF5, 0x9F73, 0x9FF1, 0xA070, 0xA0EE, 0xA16C, 
0xA26B, 0xA2E9, 0xA368, 0xA466, 0xA4E5, 0xA5E4, 0xA662, 0xA761, 0xA7E0, 0xA8DE, 0xA9DD, 0xAA5C, 
0xAB5B, 0xAC5A, 0xAD59, 0xAE58, 0xAF57, 0xB056, 0xB155, 0xB254, 0xB353, 0xB453, 0xB552, 0xB651, 
0xB7D1, 0xB8D0, 0xB9D0, 0xBAD0, 0xBC4F, 0xBD4F, 0xBE4F, 0xBFCF, 0xC0CF, 0xC24F, 0xC34F, 0xC44F, 
0xC5D0, 0xC6D0, 0xC7D0, 0xC8D1, 0xCA51, 0xCB52, 0xCC53, 0xCD53, 0xCE54, 0xCF55, 0xD056, 0xD157, 
0xD258, 0xD359, 0xD45A, 0xD55B, 0xD65C, 0xD6DD, 0xD7DE, 0xD8E0, 0xD961, 0xDA62, 0xDAE4, 0xDBE5, 
0xDC66, 0xDD68, 0xDDE9, 0xDE6B, 0xDF6C, 0xDFEE, 0xE070, 0xE0F1, 0xE173, 0xE1F5, 0xE276, 0xE2F8, 
0xE3FA, 0xE3FB, 0xE47D, 0xE4FF, 0xE57F, 0xE5FF, 0xE67F, 0xE6FF, 0xE77F, 0xE77F, 0xE7FF, 0xE87F, 
0xE8FF, 0xE8FF, 0xE97F, 0xE9FF, 0x977F, 0x97FF, 0x987F, 0x987F, 0x98FF, 0x997F, 0x99FF, 0x99FF, 
0x9A7F, 0x9AFF, 0x9B7F, 0x9BFF, 0x9C7F, 0x9CFF, 0x9D7D, 0x9DFB, 0x9E7A, 0x9EF8, 0x9F76, 0x9FF5, 
0xA073, 0xA0F1, 0xA170, 0xA26E, 0xA2ED, 0xA36B, 0xA46A, 0xA4E8, 0xA567, 0xA665, 0xA6E4, 0xA7E3, 
0xA861, 0xA960, 0xAA5F, 0xAADE, 0xABDD, 0xACDC, 0xADDB, 0xAEDA, 0xAF59, 0xB058, 0xB157, 0xB256, 
0xB355, 0xB4D5, 0xB5D4, 0xB6D4, 0xB7D3, 0xB8D3, 0xB9D2, 0xBB52, 0xBC52, 0xBD51, 0xBED1, 0xBFD1, 
0xC0D1, 0xC1D1, 0xC351, 0xC452, 0xC552, 0xC6D2, 0xC7D3, 0xC8D3, 0xC9D4, 0xCAD4, 0xCBD5, 0xCD55, 
0xCE56, 0xCF57, 0xD058, 0xD159, 0xD1DA, 0xD2DB, 0xD3DC, 0xD4DD, 0xD5DE, 0xD65F, 0xD760, 0xD861, 
0xD8E3, 0xD9E4, 0xDA65, 0xDB67, 0xDBE8, 0xDC6A, 0xDD6B, 0xDDED, 0xDE6E, 0xDF70, 0xDFF1, 0xE073, 
0xE0F5, 0xE176, 0xE1F8, 0xE27A, 0xE2FB, 0xE37D, 0xE3FF, 0xE47F, 0xE4FF, 0xE57F, 0xE5FF, 0xE67F, 
0xE6FF, 0xE6FF, 0xE77F, 0xE7FF, 0xE87F, 0xE87F, 0xE8FF, 0xE97F, 0x97FF, 0x987F, 0x98FF, 0x997F, 
0x997F, 0x99FF, 0x9A7F, 0x9AFF, 0x9AFF, 0x9B7F, 0x9BFF, 0x9C7F, 0x9CFF, 0x9D7F, 0x9DFE, 0x9E7D, 
0x9EFB, 0x9F79, 0x9FF8, 0xA076, 0xA0F5, 0xA173, 0xA1F1, 0xA2F0, 0xA36E, 0xA3ED, 0xA4EB, 0xA56A, 
0xA5E9, 0xA6E7, 0xA766, 0xA865, 0xA8E3, 0xA9E2, 0xAAE1, 0xAB60, 0xAC5F, 0xAD5E, 0xAE5D, 0xAEDC, 
0xAFDB, 0xB0DA, 0xB1D9, 0xB2D8, 0xB3D8, 0xB4D7, 0xB5D6, 0xB6D6, 0xB7D5, 0xB955, 0xBA54, 0xBB54, 
0xBC54, 0xBD54, 0xBED4, 0xBFD4, 0xC0D4, 0xC1D4, 0xC354, 0xC454, 0xC554, 0xC654, 0xC755, 0xC8D5, 
0xC9D6, 0xCAD6, 0xCBD7, 0xCCD8, 0xCDD8, 0xCED9, 0xCFDA, 0xD0DB, 0xD1DC, 0xD25D, 0xD35E, 0xD45F, 
0xD560, 0xD5E1, 0xD6E2, 0xD7E3, 0xD865, 0xD966, 0xD9E7, 0xDAE9, 0xDB6A, 0xDBEB, 0xDCED, 0xDD6E, 
0xDDF0, 0xDEF1, 0xDF73, 0xDFF5, 0xE076, 0xE0F8, 0xE179, 0xE1FB, 0xE27D, 0xE2FE, 0xE37F, 0xE3FF, 
0xE47F, 0xE4FF, 0xE57F, 0xE5FF, 0xE5FF, 0xE67F, 0xE6FF, 0xE77F, 0xE77F, 0xE7FF, 0xE87F, 0xE8FF, 
0x987F, 0x98FF, 0x997F, 0x99FF, 0x99FF, 0x9A7F, 0x9AFF, 0x9B7F, 0x9B7F, 0x9BFF, 0x9C7F, 0x9CFF, 
0x9D7F, 0x9DFF, 0x9E7F, 0x9EFE, 0x9F7D, 0x9FFB, 0xA079, 0xA0F8, 0xA176, 0xA1F5, 0xA2F3, 0xA372, 
0xA3F0, 0xA46F, 0xA56D, 0xA5EC, 0xA66A, 0xA769, 0xA7E8, 0xA8E7, 0xA965, 0xAA64, 0xAB63, 0xABE2, 
0xACE1, 0xADE0, 0xAE5F, 0xAF5E, 0xB05D, 0xB15C, 0xB25B, 0xB35A, 0xB45A, 0xB559, 0xB659, 0xB758, 
0xB858, 0xB957, 0xBA57, 0xBB56, 0xBC56, 0xBDD6, 0xBED6, 0xBFD6, 0xC0D6, 0xC1D6, 0xC2D6, 0xC456, 
0xC556, 0xC657, 0xC757, 0xC858, 0xC958, 0xCA59, 0xCB59, 0xCC5A, 0xCD5A, 0xCE5B, 0xCF5C, 0xD05D, 
0xD15E, 0xD25F, 0xD2E0, 0xD3E1, 0xD4E2, 0xD563, 0xD664, 0xD765, 0xD7E7, 0xD8E8, 0xD969, 0xDA6A, 
0xDAEC, 0xDB6D, 0xDC6F, 0xDCF0, 0xDD72, 0xDDF3, 0xDEF5, 0xDF76, 0xDFF8, 0xE079, 0xE0FB, 0xE17D, 
0xE1FE, 0xE27F, 0xE2FF, 0xE37F, 0xE3FF, 0xE47F, 0xE4FF, 0xE57F, 0xE57F, 0xE5FF, 0xE67F, 0xE6FF, 
0xE6FF, 0xE77F, 0xE7FF, 0xE87F, 0x98FF, 0x997F, 0x99FF, 0x9A7F, 0x9A7F, 0x9AFF, 0x9B7F, 0x9BFF, 
0x9C7F, 0x9C7F, 0x9CFF, 0x9D7F, 0x9DFF, 0x9E7F, 0x9EFF, 0x9F7F, 0x9FFE, 0xA07D, 0xA0FB, 0xA179, 
0xA1F8, 0xA276, 0xA375, 0xA3F3, 0xA472, 0xA4F0, 0xA5EF, 0xA66E, 0xA6EC, 0xA7EB, 0xA86A, 0xA968, 
0xA9E7, 0xAAE6, 0xAB65, 0xAC64, 0xAD63, 0xADE2, 0xAEE1, 0xAFE0, 0xB0DF, 0xB1DE, 0xB2DD, 0xB35D, 
0xB45C, 0xB55B, 0xB65B, 0xB75A, 0xB85A, 0xB959, 0xBA59, 0xBBD9, 0xBCD8, 0xBDD8, 0xBED8, 0xBFD8, 
0xC0D8, 0xC1D8, 0xC2D8, 0xC3D8, 0xC4D9, 0xC659, 0xC759, 0xC85A, 0xC95A, 0xCA5B, 0xCB5B, 0xCC5C, 
0xCD5D, 0xCDDD, 0xCEDE, 0xCFDF, 0xD0E0, 0xD1E1, 0xD2E2, 0xD363, 0xD464, 0xD565, 0xD5E6, 0xD6E7, 
0xD768, 0xD86A, 0xD8EB, 0xD9EC, 0xDA6E, 0xDAEF, 0xDBF0, 0xDC72, 0xDCF3, 0xDD75, 0xDE76, 0xDEF8, 
0xDF79, 0xDFFB, 0xE07D, 0xE0FE, 0xE17F, 0xE1FF, 0xE27F, 0xE2FF, 0xE37F, 0xE3FF, 0xE47F, 0xE47F, 
0xE4FF, 0xE57F, 0xE5FF, 0xE67F, 0xE67F, 0xE6FF, 0xE77F, 0xE7FF, 0x997F, 0x99FF, 0x9A7F, 0x9AFF, 
0x9AFF, 0x9B7F, 0x9BFF, 0x9C7F, 0x9CFF, 0x9CFF, 0x9D7F, 0x9DFF, 0x9E7F, 0x9EFF, 0x9F7F, 0x9FFF, 
0xA07F, 0xA0FE, 0xA17D, 0xA1FB, 0xA27A, 0xA2F8, 0xA3F7, 0xA475, 0xA4F4, 0xA572, 0xA671, 0xA6EF, 
0xA76E, 0xA86D, 0xA8EC, 0xA9EA, 0xAA69, 0xAB68, 0xABE7, 0xACE6, 0xADE5, 0xAE64, 0xAF63, 0xB062, 
0xB161, 0xB1E0, 0xB2E0, 0xB3DF, 0xB4DE, 0xB5DE, 0xB6DD, 0xB7DC, 0xB8DC, 0xB9DC, 0xBADB, 0xBBDB, 
0xBCDB, 0xBDDB, 0xBEDA, 0xBFDA, 0xC0DA, 0xC1DA, 0xC2DB, 0xC3DB, 0xC4DB, 0xC5DB, 0xC6DC, 0xC7DC, 
0xC8DC, 0xC9DD, 0xCADE, 0xCBDE, 0xCCDF, 0xCDE0, 0xCEE0, 0xCF61, 0xD062, 0xD163, 0xD264, 0xD2E5, 
0xD3E6, 0xD4E7, 0xD568, 0xD669, 0xD6EA, 0xD7EC, 0xD86D, 0xD96E, 0xD9EF, 0xDA71, 0xDB72, 0xDBF4, 
0xDC75, 0xDCF7, 0xDDF8, 0xDE7A, 0xDEFB, 0xDF7D, 0xDFFE, 0xE07F, 0xE0FF, 0xE17F, 0xE1FF, 0xE27F, 
0xE2FF, 0xE37F, 0xE3FF, 0xE3FF, 0xE47F, 0xE4FF, 0xE57F, 0xE5FF, 0xE5FF, 0xE67F, 0xE6FF, 0xE77F, 
0x99FF, 0x9A7F, 0x9AFF, 0x9B7F, 0x9B7F, 0x9BFF, 0x9C7F, 0x9CFF, 0x9D7F, 0x9D7F, 0x9DFF, 0x9E7F, 
0x9EFF, 0x9F7F, 0x9FFF, 0xA07F, 0xA0FF, 0xA17F, 0xA1FE, 0xA27D, 0xA2FB, 0xA3FA, 0xA478, 0xA4F7, 
0xA575, 0xA5F4, 0xA6F3, 0xA771, 0xA7F0, 0xA8EF, 0xA96E, 0xAA6C, 0xAAEB, 0xABEA, 0xAC69, 0xAD68, 
0xADE7, 0xAEE6, 0xAFE5, 0xB064, 0xB163, 0xB262, 0xB362, 0xB461, 0xB4E0, 0xB5E0, 0xB6DF, 0xB7DF, 
0xB8DE, 0xB9DE, 0xBADE, 0xBBDD, 0xBCDD, 0xBDDD, 0xBEDD, 0xBFDD, 0xC0DD, 0xC1DD, 0xC2DD, 0xC3DD, 
0xC4DD, 0xC5DE, 0xC6DE, 0xC7DE, 0xC8DF, 0xC9DF, 0xCAE0, 0xCBE0, 0xCC61, 0xCD62, 0xCE62, 0xCF63, 
0xD064, 0xD0E5, 0xD1E6, 0xD2E7, 0xD368, 0xD469, 0xD4EA, 0xD5EB, 0xD66C, 0xD76E, 0xD7EF, 0xD8F0, 
0xD971, 0xD9F3, 0xDAF4, 0xDB75, 0xDBF7, 0xDC78, 0xDCFA, 0xDDFB, 0xDE7D, 0xDEFE, 0xDF7F, 0xDFFF, 
0xE07F, 0xE0FF, 0xE17F, 0xE1FF, 0xE27F, 0xE2FF, 0xE37F, 0xE37F, 0xE3FF, 0xE47F, 0xE4FF, 0xE57F, 
0xE57F, 0xE5FF, 0xE67F, 0xE6FF, 0x9A7F, 0x9AFF, 0x9B7F, 0x9BFF, 0x9BFF, 0x9C7F, 0x9CFF, 0x9D7F, 
0x9DFF, 0x9DFF, 0x9E7F, 0x9EFF, 0x9F7F, 0x9FFF, 0xA07F, 0xA0FF, 0xA17F, 0xA1FF, 0xA27F, 0xA2FE, 
0xA37D, 0xA3FB, 0xA4FA, 0xA579, 0xA5F7, 0xA676, 0xA775, 0xA7F3, 0xA872, 0xA971, 0xA9EF, 0xAAEE, 
0xAB6D, 0xAC6C, 0xACEB, 0xADEA, 0xAE69, 0xAF68, 0xAFE7, 0xB0E6, 0xB1E5, 0xB2E5, 0xB364, 0xB463, 
0xB563, 0xB662, 0xB761, 0xB861, 0xB8E1, 0xB9E0, 0xBAE0, 0xBBE0, 0xBCDF, 0xBDDF, 0xBEDF, 0xBFDF, 
0xC0DF, 0xC1DF, 0xC2DF, 0xC3DF, 0xC4E0, 0xC5E0, 0xC6E0, 0xC7E1, 0xC861, 0xC961, 0xCA62, 0xCB63, 
0xCC63, 0xCD64, 0xCDE5, 0xCEE5, 0xCFE6, 0xD0E7, 0xD168, 0xD269, 0xD2EA, 0xD3EB, 0xD46C, 0xD56D, 
0xD5EE, 0xD6EF, 0xD771, 0xD872, 0xD8F3, 0xD975, 0xDA76, 0xDAF7, 0xDB79, 0xDBFA, 0xDCFB, 0xDD7D, 
0xDDFE, 0xDE7F, 0xDEFF, 0xDF7F, 0xDFFF, 0xE07F, 0xE0FF, 0xE17F, 0xE1FF, 0xE27F, 0xE2FF, 0xE2FF, 
0xE37F, 0xE3FF, 0xE47F, 0xE4FF, 0xE4FF, 0xE57F, 0xE5FF, 0xE67F, 0x9AFF, 0x9B7F, 0x9BFF, 0x9BFF, 
0x9C7F, 0x9CFF, 0x9D7F, 0x9DFF, 0x9DFF, 0x9E7F, 0x9EFF, 0x9F7F, 0x9FFF, 0xA07F, 0xA0FF, 0xA17F, 
0xA1FF, 0xA27F, 0xA2FF, 0xA37F, 0xA3FF, 0xA47D, 0xA57C, 0xA5FA, 0xA679, 0xA6F8, 0xA7F6, 0xA875, 
0xA8F4, 0xA9F3, 0xAA71, 0xAAF0, 0xABEF, 0xAC6E, 0xAD6D, 0xADEC, 0xAEEB, 0xAFEA, 0xB069, 0xB168, 
0xB268, 0xB2E7, 0xB3E6, 0xB4E5, 0xB565, 0xB664, 0xB764, 0xB863, 0xB963, 0xBA62, 0xBB62, 0xBBE2, 
0xBCE2, 0xBDE1, 0xBEE1, 0xBFE1, 0xC0E1, 0xC1E1, 0xC2E1, 0xC3E2, 0xC4E2, 0xC562, 0xC662, 0xC763, 
0xC863, 0xC964, 0xCA64, 0xCB65, 0xCBE5, 0xCCE6, 0xCDE7, 0xCE68, 0xCF68, 0xD069, 0xD0EA, 0xD1EB, 
0xD2EC, 0xD36D, 0xD46E, 0xD4EF, 0xD5F0, 0xD671, 0xD6F3, 0xD7F4, 0xD875, 0xD8F6, 0xD9F8, 0xDA79, 
0xDAFA, 0xDB7C, 0xDC7D, 0xDCFF, 0xDD7F, 0xDDFF, 0xDE7F, 0xDEFF, 0xDF7F, 0xDFFF, 0xE07F, 0xE0FF, 
0xE17F, 0xE1FF, 0xE27F, 0xE2FF, 0xE2FF, 0xE37F, 0xE3FF, 0xE47F, 0xE4FF, 0xE4FF, 0xE57F, 0xE5FF, 
0x9B7F, 0x9BFF, 0x9C7F, 0x9C7F, 0x9CFF, 0x9D7F, 0x9DFF, 0x9E7F, 0x9E7F, 0x9EFF, 0x9F7F, 0x9FFF, 
0xA07F, 0xA0FF, 0xA17F, 0xA1FF, 0xA27F, 0xA2FF, 0xA37F, 0xA3FF, 0xA47F, 0xA4FF, 0xA5FE, 0xA67C, 
0xA6FB, 0xA77A, 0xA7F8, 0xA8F7, 0xA976, 0xA9F5, 0xAAF3, 0xAB72, 0xAC71, 0xACF0, 0xADEF, 0xAE6E, 
0xAF6D, 0xAFEC, 0xB0EB, 0xB16A, 0xB26A, 0xB369, 0xB3E8, 0xB4E8, 0xB5E7, 0xB6E6, 0xB766, 0xB865, 
0xB965, 0xBA65, 0xBB64, 0xBC64, 0xBCE4, 0xBDE4, 0xBEE4, 0xBFE4, 0xC0E4, 0xC1E4, 0xC2E4, 0xC3E4, 
0xC464, 0xC564, 0xC665, 0xC765, 0xC865, 0xC966, 0xC9E6, 0xCAE7, 0xCBE8, 0xCCE8, 0xCD69, 0xCE6A, 
0xCF6A, 0xCFEB, 0xD0EC, 0xD16D, 0xD26E, 0xD2EF, 0xD3F0, 0xD471, 0xD572, 0xD5F3, 0xD6F5, 0xD776, 
0xD7F7, 0xD8F8, 0xD97A, 0xD9FB, 0xDA7C, 0xDAFE, 0xDBFF, 0xDC7F, 0xDCFF, 0xDD7F, 0xDDFF, 0xDE7F, 
0xDEFF, 0xDF7F, 0xDFFF, 0xE07F, 0xE0FF, 0xE17F, 0xE1FF, 0xE27F, 0xE27F, 0xE2FF, 0xE37F, 0xE3FF, 
0xE47F, 0xE47F, 0xE4FF, 0xE57F, 0x9BFF, 0x9C7F, 0x9CFF, 0x9CFF, 0x9D7F, 0x9DFF, 0x9E7F, 0x9E7F, 
0x9EFF, 0x9F7F, 0x9FFF, 0xA07F, 0xA0FF, 0xA17F, 0xA1FF, 0xA27F, 0xA2FF, 0xA37F, 0xA3FF, 0xA47F, 
0xA4FF, 0xA57F, 0xA5FF, 0xA6FE, 0xA77D, 0xA7FB, 0xA87A, 0xA979, 0xA9F8, 0xAA77, 0xAB75, 0xABF4, 
0xAC73, 0xAD72, 0xADF1, 0xAEF0, 0xAF6F, 0xB06E, 0xB0ED, 0xB1ED, 0xB2EC, 0xB36B, 0xB46A, 0xB56A, 
0xB5E9, 0xB6E9, 0xB7E8, 0xB8E8, 0xB967, 0xBA67, 0xBB67, 0xBC66, 0xBD66, 0xBDE6, 0xBEE6, 0xBFE6, 
0xC0E6, 0xC1E6, 0xC2E6, 0xC366, 0xC466, 0xC567, 0xC667, 0xC767, 0xC7E8, 0xC8E8, 0xC9E9, 0xCAE9, 
0xCB6A, 0xCC6A, 0xCD6B, 0xCDEC, 0xCEED, 0xCFED, 0xD06E, 0xD16F, 0xD1F0, 0xD2F1, 0xD372, 0xD473, 
0xD4F4, 0xD575, 0xD677, 0xD6F8, 0xD779, 0xD87A, 0xD8FB, 0xD97D, 0xD9FE, 0xDAFF, 0xDB7F, 0xDBFF, 
0xDC7F, 0xDCFF, 0xDD7F, 0xDDFF, 0xDE7F, 0xDEFF, 0xDF7F, 0xDFFF, 0xE07F, 0xE0FF, 0xE17F, 0xE1FF, 
0xE27F, 0xE27F, 0xE2FF, 0xE37F, 0xE3FF, 0xE3FF, 0xE47F, 0xE4FF, 0x9C7F, 0x9CFF, 0x9CFF, 0x9D7F, 
0x9DFF, 0x9E7F, 0x9EFF, 0x9EFF, 0x9F7F, 0x9FFF, 0xA07F, 0xA0FF, 0xA17F, 0xA1FF, 0xA27F, 0xA2FF, 
0xA37F, 0xA3FF, 0xA47F, 0xA4FF, 0xA57F, 0xA5FF, 0xA67F, 0xA6FF, 0xA7FF, 0xA87D, 0xA8FC, 0xA97B, 
0xAA7A, 0xAAF8, 0xAB77, 0xAC76, 0xACF5, 0xADF4, 0xAE73, 0xAF72, 0xAFF1, 0xB0F0, 0xB170, 0xB26F, 
0xB2EE, 0xB3ED, 0xB46D, 0xB56C, 0xB66B, 0xB76B, 0xB7EA, 0xB8EA, 0xB9EA, 0xBA69, 0xBB69, 0xBC69, 
0xBD68, 0xBE68, 0xBEE8, 0xBFE8, 0xC0E8, 0xC1E8, 0xC268, 0xC368, 0xC469, 0xC569, 0xC669, 0xC6EA, 
0xC7EA, 0xC8EA, 0xC96B, 0xCA6B, 0xCB6C, 0xCC6D, 0xCCED, 0xCDEE, 0xCE6F, 0xCF70, 0xCFF0, 0xD0F1, 
0xD172, 0xD273, 0xD2F4, 0xD3F5, 0xD476, 0xD577, 0xD5F8, 0xD67A, 0xD77B, 0xD7FC, 0xD87D, 0xD8FF, 
0xD9FF, 0xDA7F, 0xDAFF, 0xDB7F, 0xDBFF, 0xDC7F, 0xDCFF, 0xDD7F, 0xDDFF, 0xDE7F, 0xDEFF, 0xDF7F, 
0xDFFF, 0xE07F, 0xE0FF, 0xE17F, 0xE1FF, 0xE1FF, 0xE27F, 0xE2FF, 0xE37F, 0xE3FF, 0xE3FF, 0xE47F, 
0x9CFF, 0x9D7F, 0x9D7F, 0x9DFF, 0x9E7F, 0x9EFF, 0x9EFF, 0x9F7F, 0x9FFF, 0xA07F, 0xA0FF, 0xA17F, 
0xA1FF, 0xA27F, 0xA2FF, 0xA37F, 0xA3FF, 0xA47F, 0xA4FF, 0xA57F, 0xA5FF, 0xA67F, 0xA6FF, 0xA77F, 
0xA7FF, 0xA8FF, 0xA97E, 0xA9FD, 0xAA7C, 0xAB7A, 0xABF9, 0xAC78, 0xAD77, 0xADF6, 0xAEF5, 0xAF74, 
0xB073, 0xB0F3, 0xB1F2, 0xB271, 0xB370, 0xB3EF, 0xB4EF, 0xB5EE, 0xB66E, 0xB76D, 0xB86D, 0xB8EC, 
0xB9EC, 0xBAEB, 0xBB6B, 0xBC6B, 0xBD6B, 0xBE6B, 0xBEEA, 0xBFEA, 0xC0EA, 0xC1EA, 0xC26B, 0xC36B, 
0xC46B, 0xC56B, 0xC5EB, 0xC6EC, 0xC7EC, 0xC86D, 0xC96D, 0xCA6E, 0xCAEE, 0xCBEF, 0xCCEF, 0xCD70, 
0xCE71, 0xCEF2, 0xCFF3, 0xD073, 0xD174, 0xD1F5, 0xD2F6, 0xD377, 0xD478, 0xD4F9, 0xD57A, 0xD67C, 
0xD6FD, 0xD77E, 0xD7FF, 0xD8FF, 0xD97F, 0xD9FF, 0xDA7F, 0xDAFF, 0xDB7F, 0xDBFF, 0xDC7F, 0xDCFF, 
0xDD7F, 0xDDFF, 0xDE7F, 0xDEFF, 0xDF7F, 0xDFFF, 0xE07F, 0xE0FF, 0xE17F, 0xE1FF, 0xE1FF, 0xE27F, 
0xE2FF, 0xE37F, 0xE37F, 0xE3FF, 0x9D7F, 0x9D7F, 0x9DFF, 0x9E7F, 0x9EFF, 0x9F7F, 0x9F7F, 0x9FFF, 
0xA07F, 0xA0FF, 0xA17F, 0xA1FF, 0xA27F, 0xA2FF, 0xA2FF, 0xA37F, 0xA3FF, 0xA47F, 0xA57F, 0xA5FF, 
0xA67F, 0xA6FF, 0xA77F, 0xA7FF, 0xA87F, 0xA8FF, 0xA9FF, 0xAA7F, 0xAAFE, 0xABFC, 0xAC7B, 0xACFA, 
0xADF9, 0xAE78, 0xAEF7, 0xAFF6, 0xB075, 0xB175, 0xB1F4, 0xB2F3, 0xB372, 0xB472, 0xB4F1, 0xB5F0, 
0xB6F0, 0xB76F, 0xB86F, 0xB96E, 0xB9EE, 0xBAEE, 0xBBED, 0xBC6D, 0xBD6D, 0xBE6D, 0xBEED, 0xBFED, 
0xC0ED, 0xC1ED, 0xC26D, 0xC36D, 0xC46D, 0xC4ED, 0xC5EE, 0xC6EE, 0xC76E, 0xC86F, 0xC96F, 0xC9F0, 
0xCAF0, 0xCBF1, 0xCC72, 0xCD72, 0xCDF3, 0xCEF4, 0xCF75, 0xD075, 0xD0F6, 0xD1F7, 0xD278, 0xD2F9, 
0xD3FA, 0xD47B, 0xD4FC, 0xD5FE, 0xD67F, 0xD6FF, 0xD7FF, 0xD87F, 0xD8FF, 0xD97F, 0xD9FF, 0xDA7F, 
0xDAFF, 0xDB7F, 0xDC7F, 0xDCFF, 0xDD7F, 0xDDFF, 0xDDFF, 0xDE7F, 0xDEFF, 0xDF7F, 0xDFFF, 0xE07F, 
0xE0FF, 0xE17F, 0xE17F, 0xE1FF, 0xE27F, 0xE2FF, 0xE37F, 0xE37F, 0x9DFF, 0x9DFF, 0x9E7F, 0x9EFF, 
0x9F7F, 0x9F7F, 0x9FFF, 0xA07F, 0xA0FF, 0xA17F, 0xA1FF, 0xA27F, 0xA27F, 0xA2FF, 0xA37F, 0xA3FF, 
0xA47F, 0xA4FF, 0xA57F, 0xA5FF, 0xA6FF, 0xA77F, 0xA7FF, 0xA87F, 0xA8FF, 0xA97F, 0xA9FF, 0xAAFF, 
0xAB7F, 0xABFE, 0xACFD, 0xAD7C, 0xADFB, 0xAEFA, 0xAF79, 0xAFF8, 0xB0F8, 0xB177, 0xB276, 0xB2F5, 
0xB3F5, 0xB474, 0xB573, 0xB5F3, 0xB6F2, 0xB7F2, 0xB871, 0xB971, 0xB9F0, 0xBAF0, 0xBBF0, 0xBC6F, 
0xBD6F, 0xBE6F, 0xBEEF, 0xBFEF, 0xC0EF, 0xC1EF, 0xC26F, 0xC36F, 0xC46F, 0xC4F0, 0xC5F0, 0xC6F0, 
0xC771, 0xC871, 0xC8F2, 0xC9F2, 0xCAF3, 0xCB73, 0xCC74, 0xCCF5, 0xCDF5, 0xCE76, 0xCF77, 0xCFF8, 
0xD0F8, 0xD179, 0xD1FA, 0xD2FB, 0xD37C, 0xD3FD, 0xD4FE, 0xD57F, 0xD5FF, 0xD6FF, 0xD77F, 0xD7FF, 
0xD87F, 0xD8FF, 0xD97F, 0xD9FF, 0xDAFF, 0xDB7F, 0xDBFF, 0xDC7F, 0xDCFF, 0xDD7F, 0xDDFF, 0xDE7F, 
0xDE7F, 0xDEFF, 0xDF7F, 0xDFFF, 0xE07F, 0xE0FF, 0xE17F, 0xE17F, 0xE1FF, 0xE27F, 0xE2FF, 0xE2FF, 
0x9DFF, 0x9E7F, 0x9EFF, 0x9F7F, 0x9F7F, 0x9FFF, 0xA07F, 0xA0FF, 0xA17F, 0xA1FF, 0xA1FF, 0xA27F, 
0xA2FF, 0xA37F, 0xA3FF, 0xA47F, 0xA4FF, 0xA57F, 0xA5FF, 0xA67F, 0xA6FF, 0xA77F, 0xA87F, 0xA8FF, 
0xA97F, 0xA9FF, 0xAA7F, 0xAAFF, 0xABFF, 0xAC7F, 0xACFF, 0xADFE, 0xAE7D, 0xAEFC, 0xAFFB, 0xB07B, 
0xB0FA, 0xB1F9, 0xB278, 0xB377, 0xB3F7, 0xB4F6, 0xB575, 0xB675, 0xB6F4, 0xB7F4, 0xB8F3, 0xB973, 
0xBA73, 0xBAF2, 0xBBF2, 0xBCF2, 0xBD72, 0xBE71, 0xBF71, 0xBFF1, 0xC0F1, 0xC171, 0xC271, 0xC372, 
0xC3F2, 0xC4F2, 0xC5F2, 0xC673, 0xC773, 0xC7F3, 0xC8F4, 0xC9F4, 0xCA75, 0xCB75, 0xCBF6, 0xCCF7, 
0xCD77, 0xCE78, 0xCEF9, 0xCFFA, 0xD07B, 0xD0FB, 0xD1FC, 0xD27D, 0xD2FE, 0xD3FF, 0xD47F, 0xD4FF, 
0xD5FF, 0xD67F, 0xD6FF, 0xD77F, 0xD7FF, 0xD87F, 0xD97F, 0xD9FF, 0xDA7F, 0xDAFF, 0xDB7F, 0xDBFF, 
0xDC7F, 0xDCFF, 0xDD7F, 0xDDFF, 0xDE7F, 0xDEFF, 0xDEFF, 0xDF7F, 0xDFFF, 0xE07F, 0xE0FF, 0xE17F, 
0xE17F, 0xE1FF, 0xE27F, 0xE2FF, 0x9E7F, 0x9EFF, 0x9F7F, 0x9F7F, 0x9FFF, 0xA07F, 0xA0FF, 0xA17F, 
0xA17F, 0xA1FF, 0xA27F, 0xA2FF, 0xA37F, 0xA3FF, 0xA47F, 0xA4FF, 0xA57F, 0xA5FF, 0xA67F, 0xA6FF, 
0xA77F, 0xA7FF, 0xA87F, 0xA8FF, 0xA9FF, 0xAA7F, 0xAAFF, 0xAB7F, 0xABFF, 0xACFF, 0xAD7F, 0xADFF, 
0xAEFF, 0xAF7F, 0xAFFE, 0xB0FD, 0xB17C, 0xB1FB, 0xB2FA, 0xB37A, 0xB479, 0xB4F8, 0xB5F8, 0xB677, 
0xB777, 0xB7F6, 0xB8F6, 0xB975, 0xBA75, 0xBB75, 0xBBF4, 0xBCF4, 0xBD74, 0xBE74, 0xBF74, 0xBFF4, 
0xC0F4, 0xC174, 0xC274, 0xC374, 0xC3F4, 0xC4F4, 0xC575, 0xC675, 0xC775, 0xC7F6, 0xC8F6, 0xC977, 
0xCA77, 0xCAF8, 0xCBF8, 0xCC79, 0xCD7A, 0xCDFA, 0xCEFB, 0xCF7C, 0xCFFD, 0xD0FE, 0xD17F, 0xD1FF, 
0xD2FF, 0xD37F, 0xD3FF, 0xD4FF, 0xD57F, 0xD5FF, 0xD67F, 0xD6FF, 0xD7FF, 0xD87F, 0xD8FF, 0xD97F, 
0xD9FF, 0xDA7F, 0xDAFF, 0xDB7F, 0xDBFF, 0xDC7F, 0xDCFF, 0xDD7F, 0xDDFF, 0xDE7F, 0xDEFF, 0xDF7F, 
0xDF7F, 0xDFFF, 0xE07F, 0xE0FF, 0xE17F, 0xE17F, 0xE1FF, 0xE27F, 0x9EFF, 0x9F7F, 0x9F7F, 0x9FFF, 
0xA07F, 0xA0FF, 0xA17F, 0xA17F, 0xA1FF, 0xA27F, 0xA2FF, 0xA37F, 0xA3FF, 0xA47F, 0xA4FF, 0xA57F, 
0xA5FF, 0xA67F, 0xA6FF, 0xA77F, 0xA7FF, 0xA87F, 0xA8FF, 0xA97F, 0xA9FF, 0xAA7F, 0xAB7F, 0xABFF, 
0xAC7F, 0xACFF, 0xADFF, 0xAE7F, 0xAEFF, 0xAF7F, 0xB07F, 0xB0FF, 0xB1FE, 0xB27D, 0xB2FC, 0xB3FC, 
0xB47B, 0xB57A, 0xB5FA, 0xB6F9, 0xB779, 0xB878, 0xB8F8, 0xB9F7, 0xBA77, 0xBB77, 0xBBF7, 0xBCF6, 
0xBD76, 0xBE76, 0xBF76, 0xBFF6, 0xC0F6, 0xC176, 0xC276, 0xC376, 0xC3F6, 0xC4F7, 0xC577, 0xC677, 
0xC6F7, 0xC7F8, 0xC878, 0xC979, 0xC9F9, 0xCAFA, 0xCB7A, 0xCC7B, 0xCCFC, 0xCDFC, 0xCE7D, 0xCEFE, 
0xCFFF, 0xD07F, 0xD17F, 0xD1FF, 0xD27F, 0xD2FF, 0xD3FF, 0xD47F, 0xD4FF, 0xD57F, 0xD67F, 0xD6FF, 
0xD77F, 0xD7FF, 0xD87F, 0xD8FF, 0xD97F, 0xD9FF, 0xDA7F, 0xDAFF, 0xDB7F, 0xDBFF, 0xDC7F, 0xDCFF, 
0xDD7F, 0xDDFF, 0xDE7F, 0xDEFF, 0xDF7F, 0xDF7F, 0xDFFF, 0xE07F, 0xE0FF, 0xE17F, 0xE17F, 0xE1FF, 
0x9F7F, 0x9F7F, 0x9FFF, 0xA07F, 0xA0FF, 0xA17F, 0xA17F, 0xA1FF, 0xA27F, 0xA2FF, 0xA37F, 0xA3FF, 
0xA47F, 0xA4FF, 0xA4FF, 0xA57F, 0xA5FF, 0xA67F, 0xA6FF, 0xA77F, 0xA87F, 0xA8FF, 0xA97F, 0xA9FF, 
0xAA7F, 0xAAFF, 0xAB7F, 0xABFF, 0xACFF, 0xAD7F, 0xADFF, 0xAE7F, 0xAF7F, 0xAFFF, 0xB07F, 0xB17F, 
0xB1FF, 0xB27F, 0xB37F, 0xB3FE, 0xB4FD, 0xB57D, 0xB5FC, 0xB6FB, 0xB77B, 0xB87B, 0xB8FA, 0xB9FA, 
0xBA79, 0xBB79, 0xBBF9, 0xBCF9, 0xBDF8, 0xBE78, 0xBF78, 0xBFF8, 0xC0F8, 0xC178, 0xC278, 0xC2F8, 
0xC3F9, 0xC4F9, 0xC579, 0xC679, 0xC6FA, 0xC7FA, 0xC87B, 0xC97B, 0xC9FB, 0xCAFC, 0xCB7D, 0xCBFD, 
0xCCFE, 0xCD7F, 0xCE7F, 0xCEFF, 0xCF7F, 0xD07F, 0xD0FF, 0xD17F, 0xD27F, 0xD2FF, 0xD37F, 0xD3FF, 
0xD4FF, 0xD57F, 0xD5FF, 0xD67F, 0xD6FF, 0xD77F, 0xD7FF, 0xD87F, 0xD97F, 0xD9FF, 0xDA7F, 0xDAFF, 
0xDB7F, 0xDBFF, 0xDBFF, 0xDC7F, 0xDCFF, 0xDD7F, 0xDDFF, 0xDE7F, 0xDEFF, 0xDF7F, 0xDF7F, 0xDFFF, 
0xE07F, 0xE0FF, 0xE17F, 0xE17F, 0x9FFF, 0x9FFF, 0xA07F, 0xA0FF, 0xA17F, 0xA17F, 0xA1FF, 0xA27F, 
0xA2FF, 0xA37F, 0xA3FF, 0xA3FF, 0xA47F, 0xA4FF, 0xA57F, 0xA5FF, 0xA67F, 0xA6FF, 0xA77F, 0xA7FF, 
0xA87F, 0xA8FF, 0xA97F, 0xAA7F, 0xAAFF, 0xAB7F, 0xABFF, 0xAC7F, 0xACFF, 0xADFF, 0xAE7F, 0xAEFF, 
0xAF7F, 0xB07F, 0xB0FF, 0xB17F, 0xB27F, 0xB2FF, 0xB37F, 0xB47F, 0xB4FF, 0xB57F, 0xB67E, 0xB6FE, 
0xB7FD, 0xB87D, 0xB97C, 0xB9FC, 0xBAFC, 0xBB7B, 0xBC7B, 0xBCFB, 0xBDFB, 0xBE7B, 0xBF7A, 0xBFFA, 
0xC0FA, 0xC17A, 0xC27B, 0xC2FB, 0xC3FB, 0xC47B, 0xC57B, 0xC5FC, 0xC6FC, 0xC77C, 0xC87D, 0xC8FD, 
0xC9FE, 0xCA7E, 0xCB7F, 0xCBFF, 0xCC7F, 0xCD7F, 0xCDFF, 0xCE7F, 0xCF7F, 0xCFFF, 0xD07F, 0xD17F, 
0xD1FF, 0xD27F, 0xD2FF, 0xD3FF, 0xD47F, 0xD4FF, 0xD57F, 0xD5FF, 0xD67F, 0xD77F, 0xD7FF, 0xD87F, 
0xD8FF, 0xD97F, 0xD9FF, 0xDA7F, 0xDAFF, 0xDB7F, 0xDBFF, 0xDC7F, 0xDCFF, 0xDCFF, 0xDD7F, 0xDDFF, 
0xDE7F, 0xDEFF, 0xDF7F, 0xDF7F, 0xDFFF, 0xE07F, 0xE0FF, 0xE0FF, 0x9FFF, 0xA07F, 0xA0FF, 0xA17F, 
0xA17F, 0xA1FF, 0xA27F, 0xA2FF, 0xA37F, 0xA37F, 0xA3FF, 0xA47F, 0xA4FF, 0xA57F, 0xA5FF, 0xA67F, 
0xA6FF, 0xA77F, 0xA7FF, 0xA87F, 0xA8FF, 0xA97F, 0xA9FF, 0xAA7F, 0xAAFF, 0xAB7F, 0xAC7F, 0xACFF, 
0xAD7F, 0xADFF, 0xAE7F, 0xAF7F, 0xAFFF, 0xB07F, 0xB0FF, 0xB1FF, 0xB27F, 0xB2FF, 0xB3FF, 0xB47F, 
0xB4FF, 0xB5FF, 0xB67F, 0xB77F, 0xB7FF, 0xB87F, 0xB97F, 0xB9FE, 0xBAFE, 0xBB7E, 0xBC7D, 0xBCFD, 
0xBDFD, 0xBE7D, 0xBF7D, 0xBFFD, 0xC0FD, 0xC17D, 0xC27D, 0xC2FD, 0xC3FD, 0xC47D, 0xC57E, 0xC5FE, 
0xC6FE, 0xC77F, 0xC87F, 0xC8FF, 0xC97F, 0xCA7F, 0xCAFF, 0xCBFF, 0xCC7F, 0xCCFF, 0xCDFF, 0xCE7F, 
0xCEFF, 0xCFFF, 0xD07F, 0xD0FF, 0xD17F, 0xD27F, 0xD2FF, 0xD37F, 0xD3FF, 0xD47F, 0xD57F, 0xD5FF, 
0xD67F, 0xD6FF, 0xD77F, 0xD7FF, 0xD87F, 0xD8FF, 0xD97F, 0xD9FF, 0xDA7F, 0xDAFF, 0xDB7F, 0xDBFF, 
0xDC7F, 0xDCFF, 0xDD7F, 0xDD7F, 0xDDFF, 0xDE7F, 0xDEFF, 0xDF7F, 0xDF7F, 0xDFFF, 0xE07F, 0xE0FF, 
0xA07F, 0xA0FF, 0xA0FF, 0xA17F, 0xA1FF, 0xA27F, 0xA2FF, 0xA2FF, 0xA37F, 0xA3FF, 0xA47F, 0xA4FF, 
0xA57F, 0xA5FF, 0xA67F, 0xA6FF, 0xA77F, 0xA7FF, 0xA87F, 0xA8FF, 0xA97F, 0xA9FF, 0xAA7F, 0xAAFF, 
0xAB7F, 0xABFF, 0xAC7F, 0xACFF, 0xADFF, 0xAE7F, 0xAEFF, 0xAF7F, 0xAFFF, 0xB0FF, 0xB17F, 0xB1FF, 
0xB27F, 0xB37F, 0xB3FF, 0xB47F, 0xB57F, 0xB5FF, 0xB6FF, 0xB77F, 0xB7FF, 0xB8FF, 0xB97F, 0xBA7F, 
0xBAFF, 0xBB7F, 0xBC7F, 0xBCFF, 0xBDFF, 0xBE7F, 0xBF7F, 0xBFFF, 0xC0FF, 0xC17F, 0xC27F, 0xC2FF, 
0xC3FF, 0xC47F, 0xC57F, 0xC5FF, 0xC67F, 0xC77F, 0xC7FF, 0xC8FF, 0xC97F, 0xC9FF, 0xCAFF, 0xCB7F, 
0xCC7F, 0xCCFF, 0xCD7F, 0xCE7F, 0xCEFF, 0xCF7F, 0xCFFF, 0xD0FF, 0xD17F, 0xD1FF, 0xD27F, 0xD2FF, 
0xD3FF, 0xD47F, 0xD4FF, 0xD57F, 0xD5FF, 0xD67F, 0xD6FF, 0xD77F, 0xD7FF, 0xD87F, 0xD8FF, 0xD97F, 
0xD9FF, 0xDA7F, 0xDAFF, 0xDB7F, 0xDBFF, 0xDC7F, 0xDCFF, 0xDD7F, 0xDDFF, 0xDDFF, 0xDE7F, 0xDEFF, 
0xDF7F, 0xDFFF, 0xDFFF, 0xE07F
};
